sepal_length,sepal_width,petal_length,petal_width,species
5.69,3.61,1.37,0.33,Iris-setosa
5.38,4.43,1.89,0.21,Iris-setosa
4.85,3.94,1.30,0.22,Iris-setosa
4.74,3.21,1.64,0.29,Iris-setosa
4.82,3.75,1.35,0.24,Iris-setosa
4.53,3.15,1.04,0.54,Iris-setosa
4.78,3.52,1.11,0.59,Iris-setosa
5.59,3.01,1.05,0.37,Iris-setosa
4.93,4.02,1.77,0.48,Iris-setosa
5.13,4.49,1.50,0.53,Iris-setosa
5.53,3.68,1.71,0.36,Iris-setosa
5.50,3.78,1.15,0.40,Iris-setosa
5.77,4.21,1.20,0.55,Iris-setosa
5.40,4.22,1.32,0.58,Iris-setosa
5.20,3.90,1.50,0.35,Iris-setosa
4.62,3.29,1.76,0.21,Iris-setosa
4.61,3.55,1.78,0.10,Iris-setosa
5.55,3.84,1.56,0.44,Iris-setosa
4.79,3.62,1.08,0.34,Iris-setosa
5.54,3.54,1.36,0.18,Iris-setosa
5.68,3.19,1.23,0.15,Iris-setosa
5.59,4.27,1.44,0.39,Iris-setosa
5.04,4.24,1.20,0.48,Iris-setosa
5.37,3.61,1.16,0.33,Iris-setosa
5.13,4.05,1.83,0.48,Iris-setosa
5.49,3.36,1.19,0.16,Iris-setosa
4.94,3.81,1.84,0.34,Iris-setosa
4.67,4.17,1.88,0.56,Iris-setosa
5.35,3.79,1.01,0.30,Iris-setosa
5.51,3.80,1.34,0.16,Iris-setosa
5.40,3.14,1.84,0.12,Iris-setosa
5.37,3.39,1.61,0.58,Iris-setosa
4.75,4.07,1.55,0.58,Iris-setosa
5.07,3.98,1.58,0.57,Iris-setosa
5.44,3.20,1.43,0.37,Iris-setosa
4.70,3.01,1.70,0.46,Iris-setosa
5.22,3.47,1.52,0.21,Iris-setosa
5.63,3.71,1.53,0.57,Iris-setosa
4.85,3.42,1.73,0.37,Iris-setosa
5.42,4.31,1.09,0.44,Iris-setosa
5.47,3.65,1.26,0.23,Iris-setosa
5.58,3.36,1.02,0.52,Iris-setosa
4.62,3.27,1.72,0.13,Iris-setosa
5.17,3.74,1.35,0.23,Iris-setosa
5.53,4.23,1.70,0.51,Iris-setosa
4.52,4.45,1.41,0.32,Iris-setosa
4.63,3.25,1.25,0.41,Iris-setosa
4.76,3.95,1.21,0.24,Iris-setosa
4.95,3.38,1.79,0.42,Iris-setosa
5.80,3.51,1.01,0.15,Iris-setosa
5.69,3.13,1.47,0.47,Iris-setosa
4.62,3.45,1.58,0.16,Iris-setosa
5.59,3.62,1.61,0.41,Iris-setosa
5.19,4.05,1.41,0.40,Iris-setosa
4.95,4.18,1.35,0.28,Iris-setosa
4.58,3.25,1.11,0.52,Iris-setosa
5.61,3.87,1.00,0.21,Iris-setosa
5.13,3.71,1.72,0.47,Iris-setosa
4.74,4.00,1.65,0.48,Iris-setosa
4.85,4.05,1.37,0.16,Iris-setosa
4.53,4.18,1.26,0.37,Iris-setosa
4.67,4.03,1.77,0.34,Iris-setosa
5.64,3.02,1.29,0.28,Iris-setosa
5.16,3.92,1.47,0.52,Iris-setosa
4.60,4.17,1.29,0.34,Iris-setosa
4.54,4.40,1.39,0.41,Iris-setosa
5.23,3.48,1.13,0.18,Iris-setosa
5.01,3.08,1.64,0.53,Iris-setosa
5.15,3.74,1.49,0.53,Iris-setosa
4.86,3.66,1.49,0.18,Iris-setosa
5.76,3.60,1.18,0.50,Iris-setosa
4.75,3.15,1.50,0.23,Iris-setosa
4.88,3.43,1.11,0.34,Iris-setosa
5.07,3.86,1.19,0.15,Iris-setosa
5.39,3.78,1.50,0.37,Iris-setosa
5.18,4.43,1.00,0.41,Iris-setosa
4.97,4.06,1.51,0.17,Iris-setosa
5.43,3.64,1.20,0.55,Iris-setosa
4.84,3.40,1.09,0.45,Iris-setosa
5.28,3.75,1.58,0.16,Iris-setosa
5.80,3.03,1.17,0.39,Iris-setosa
5.58,4.32,1.49,0.43,Iris-setosa
5.45,3.78,1.37,0.60,Iris-setosa
5.07,3.84,1.69,0.28,Iris-setosa
4.53,3.39,1.05,0.32,Iris-setosa
4.83,4.09,1.66,0.36,Iris-setosa
5.73,3.08,1.32,0.34,Iris-setosa
5.27,3.66,1.69,0.18,Iris-setosa
5.75,3.08,1.77,0.20,Iris-setosa
4.52,3.40,1.82,0.13,Iris-setosa
4.88,3.49,1.73,0.22,Iris-setosa
5.58,3.38,1.27,0.14,Iris-setosa
5.67,4.41,1.09,0.54,Iris-setosa
5.62,4.46,1.67,0.58,Iris-setosa
4.83,4.34,1.09,0.48,Iris-setosa
4.94,3.78,1.74,0.49,Iris-setosa
5.08,3.75,1.37,0.11,Iris-setosa
4.71,3.96,1.08,0.34,Iris-setosa
5.03,4.38,1.54,0.12,Iris-setosa
5.62,3.74,1.74,0.28,Iris-setosa
4.86,4.45,1.08,0.23,Iris-setosa
5.72,3.85,1.50,0.24,Iris-setosa
4.71,3.68,1.02,0.30,Iris-setosa
5.02,4.24,1.37,0.22,Iris-setosa
5.54,3.99,1.62,0.23,Iris-setosa
5.51,3.35,1.65,0.16,Iris-setosa
5.74,4.06,1.75,0.56,Iris-setosa
5.60,4.42,1.67,0.21,Iris-setosa
5.10,4.26,1.87,0.16,Iris-setosa
5.62,3.09,1.28,0.48,Iris-setosa
4.90,3.09,1.38,0.49,Iris-setosa
4.63,4.05,1.61,0.15,Iris-setosa
4.70,3.69,1.77,0.25,Iris-setosa
5.58,3.93,1.01,0.55,Iris-setosa
4.73,3.34,1.36,0.12,Iris-setosa
4.82,4.26,1.24,0.22,Iris-setosa
4.75,3.46,1.64,0.57,Iris-setosa
5.55,4.34,1.27,0.22,Iris-setosa
4.84,4.49,1.48,0.29,Iris-setosa
4.66,4.02,1.52,0.57,Iris-setosa
5.13,3.09,1.54,0.40,Iris-setosa
4.79,3.09,1.71,0.35,Iris-setosa
5.23,3.24,1.85,0.28,Iris-setosa
5.73,3.92,1.19,0.48,Iris-setosa
4.82,4.02,1.00,0.42,Iris-setosa
5.55,3.43,1.60,0.50,Iris-setosa
5.71,3.16,1.87,0.37,Iris-setosa
5.02,4.22,1.26,0.27,Iris-setosa
5.64,4.17,1.36,0.47,Iris-setosa
5.04,3.07,1.62,0.43,Iris-setosa
5.65,3.75,1.05,0.15,Iris-setosa
5.42,4.16,1.04,0.38,Iris-setosa
5.01,3.49,1.26,0.24,Iris-setosa
4.51,3.69,1.18,0.43,Iris-setosa
4.90,3.99,1.53,0.34,Iris-setosa
4.78,3.14,1.82,0.60,Iris-setosa
4.56,3.40,1.16,0.48,Iris-setosa
5.02,3.18,1.65,0.41,Iris-setosa
5.24,3.06,1.57,0.28,Iris-setosa
5.71,3.01,1.21,0.43,Iris-setosa
5.13,3.76,1.84,0.14,Iris-setosa
4.86,3.04,1.50,0.25,Iris-setosa
5.03,3.60,1.47,0.44,Iris-setosa
5.24,3.37,1.37,0.22,Iris-setosa
4.62,4.29,1.11,0.53,Iris-setosa
5.63,4.37,1.01,0.54,Iris-setosa
4.84,3.11,1.50,0.15,Iris-setosa
5.30,3.88,1.70,0.29,Iris-setosa
5.65,3.50,1.65,0.42,Iris-setosa
5.76,4.08,1.52,0.51,Iris-setosa
5.09,4.38,1.36,0.28,Iris-setosa
5.55,4.09,1.72,0.45,Iris-setosa
5.22,3.44,1.71,0.18,Iris-setosa
5.29,3.73,1.69,0.27,Iris-setosa
5.37,3.59,1.57,0.22,Iris-setosa
5.34,4.41,1.06,0.43,Iris-setosa
4.64,3.15,1.51,0.30,Iris-setosa
5.80,3.47,1.83,0.41,Iris-setosa
5.01,3.38,1.88,0.24,Iris-setosa
5.07,4.41,1.54,0.24,Iris-setosa
5.32,3.84,1.41,0.53,Iris-setosa
4.78,4.28,1.53,0.30,Iris-setosa
5.32,3.69,1.65,0.16,Iris-setosa
4.79,3.87,1.85,0.44,Iris-setosa
5.40,4.19,1.45,0.30,Iris-setosa
4.65,4.18,1.89,0.24,Iris-setosa
5.21,4.01,1.75,0.48,Iris-setosa
4.90,4.14,1.48,0.29,Iris-setosa
5.49,3.09,1.65,0.38,Iris-setosa
4.50,4.25,1.85,0.39,Iris-setosa
5.08,4.36,1.15,0.18,Iris-setosa
5.36,3.27,1.86,0.41,Iris-setosa
4.99,4.29,1.82,0.22,Iris-setosa
5.14,4.17,1.90,0.44,Iris-setosa
5.30,4.26,1.42,0.12,Iris-setosa
5.70,3.41,1.37,0.23,Iris-setosa
4.93,3.08,1.32,0.56,Iris-setosa
4.73,3.09,1.83,0.21,Iris-setosa
5.15,3.37,1.40,0.50,Iris-setosa
4.92,4.47,1.02,0.49,Iris-setosa
5.14,3.39,1.87,0.26,Iris-setosa
5.13,3.42,1.36,0.31,Iris-setosa
5.59,3.16,1.51,0.49,Iris-setosa
4.62,4.14,1.38,0.51,Iris-setosa
5.48,3.38,1.33,0.33,Iris-setosa
4.87,3.51,1.21,0.37,Iris-setosa
4.55,4.23,1.06,0.41,Iris-setosa
5.68,3.57,1.16,0.55,Iris-setosa
5.26,4.06,1.34,0.26,Iris-setosa
5.45,3.81,1.46,0.30,Iris-setosa
5.16,3.16,1.47,0.53,Iris-setosa
5.49,4.46,1.44,0.37,Iris-setosa
5.40,4.18,1.37,0.45,Iris-setosa
5.61,3.28,1.44,0.54,Iris-setosa
4.88,3.04,1.68,0.50,Iris-setosa
5.67,4.26,1.61,0.46,Iris-setosa
4.92,3.36,1.33,0.56,Iris-setosa
5.01,3.41,1.32,0.48,Iris-setosa
5.31,3.94,1.23,0.32,Iris-setosa
4.70,3.89,1.01,0.42,Iris-setosa
5.31,3.44,1.31,0.36,Iris-setosa
4.96,3.93,1.61,0.22,Iris-setosa
5.52,4.18,1.80,0.50,Iris-setosa
4.94,4.46,1.26,0.51,Iris-setosa
5.36,4.47,1.80,0.52,Iris-setosa
5.52,3.13,1.75,0.60,Iris-setosa
5.64,3.99,1.20,0.21,Iris-setosa
4.64,3.03,1.69,0.39,Iris-setosa
5.22,3.55,1.07,0.46,Iris-setosa
4.96,3.39,1.86,0.58,Iris-setosa
5.71,3.40,1.07,0.19,Iris-setosa
5.53,4.42,1.79,0.45,Iris-setosa
4.76,3.23,1.09,0.58,Iris-setosa
4.62,3.27,1.07,0.28,Iris-setosa
5.63,4.15,1.63,0.60,Iris-setosa
5.45,3.51,1.15,0.45,Iris-setosa
4.64,3.28,1.62,0.57,Iris-setosa
5.74,3.90,1.56,0.51,Iris-setosa
5.63,4.25,1.13,0.57,Iris-setosa
5.28,3.12,1.19,0.14,Iris-setosa
5.62,3.56,1.07,0.57,Iris-setosa
5.15,3.37,1.10,0.35,Iris-setosa
5.21,4.02,1.31,0.34,Iris-setosa
4.79,3.86,1.57,0.23,Iris-setosa
5.45,3.67,1.68,0.46,Iris-setosa
5.11,3.89,1.32,0.26,Iris-setosa
5.20,3.39,1.25,0.50,Iris-setosa
4.97,4.09,1.05,0.35,Iris-setosa
5.52,3.27,1.72,0.50,Iris-setosa
5.07,4.02,1.62,0.26,Iris-setosa
5.70,3.15,1.86,0.27,Iris-setosa
4.52,3.29,1.29,0.36,Iris-setosa
4.83,3.71,1.88,0.54,Iris-setosa
4.94,3.66,1.69,0.14,Iris-setosa
4.52,3.34,1.38,0.54,Iris-setosa
5.38,3.61,1.41,0.15,Iris-setosa
5.06,4.22,1.35,0.12,Iris-setosa
4.70,3.02,1.41,0.17,Iris-setosa
4.54,4.25,1.49,0.31,Iris-setosa
4.66,4.28,1.04,0.26,Iris-setosa
5.37,3.99,1.89,0.16,Iris-setosa
4.93,4.00,1.14,0.44,Iris-setosa
4.62,4.49,1.84,0.45,Iris-setosa
4.67,3.23,1.28,0.50,Iris-setosa
4.55,3.34,1.49,0.50,Iris-setosa
5.17,3.90,1.29,0.14,Iris-setosa
4.66,3.16,1.51,0.31,Iris-setosa
5.49,3.57,1.47,0.43,Iris-setosa
4.62,3.17,1.45,0.54,Iris-setosa
5.71,3.63,1.39,0.45,Iris-setosa
4.64,3.60,1.47,0.24,Iris-setosa
5.20,3.24,1.20,0.34,Iris-setosa
4.78,3.58,1.27,0.26,Iris-setosa
4.59,3.79,1.07,0.45,Iris-setosa
4.71,3.26,1.45,0.39,Iris-setosa
4.78,3.07,1.66,0.48,Iris-setosa
4.65,3.79,1.55,0.32,Iris-setosa
4.58,3.08,1.44,0.55,Iris-setosa
4.56,3.11,1.35,0.39,Iris-setosa
5.07,3.97,1.46,0.43,Iris-setosa
5.65,4.17,1.89,0.48,Iris-setosa
4.93,4.25,1.26,0.54,Iris-setosa
5.13,3.20,1.56,0.46,Iris-setosa
5.75,3.06,1.62,0.18,Iris-setosa
4.83,3.58,1.39,0.22,Iris-setosa
5.75,4.34,1.56,0.52,Iris-setosa
5.62,4.30,1.58,0.20,Iris-setosa
5.56,4.44,1.52,0.27,Iris-setosa
4.98,3.33,1.40,0.13,Iris-setosa
4.93,4.39,1.40,0.58,Iris-setosa
5.53,3.07,1.05,0.42,Iris-setosa
4.50,3.35,1.29,0.23,Iris-setosa
5.49,3.49,1.83,0.40,Iris-setosa
5.05,3.50,1.29,0.34,Iris-setosa
4.56,3.92,1.88,0.20,Iris-setosa
4.64,4.48,1.41,0.58,Iris-setosa
5.61,4.27,1.46,0.24,Iris-setosa
5.07,3.39,1.25,0.17,Iris-setosa
4.93,3.39,1.02,0.37,Iris-setosa
5.16,3.24,1.63,0.57,Iris-setosa
5.34,4.23,1.87,0.32,Iris-setosa
4.69,3.20,1.22,0.30,Iris-setosa
5.12,3.13,1.48,0.29,Iris-setosa
5.07,4.11,1.55,0.52,Iris-setosa
5.77,3.63,1.68,0.11,Iris-setosa
5.02,3.42,1.41,0.15,Iris-setosa
5.01,4.50,1.37,0.54,Iris-setosa
5.38,3.43,1.44,0.38,Iris-setosa
5.69,3.07,1.70,0.33,Iris-setosa
5.13,4.47,1.47,0.54,Iris-setosa
5.16,3.27,1.12,0.42,Iris-setosa
4.64,3.35,1.06,0.44,Iris-setosa
5.49,4.27,1.37,0.20,Iris-setosa
5.32,3.92,1.39,0.55,Iris-setosa
5.77,3.34,1.49,0.33,Iris-setosa
5.59,3.71,1.53,0.19,Iris-setosa
4.67,3.12,1.41,0.36,Iris-setosa
4.92,3.43,1.19,0.36,Iris-setosa
4.88,3.63,1.57,0.45,Iris-setosa
4.90,3.95,1.56,0.33,Iris-setosa
5.44,4.43,1.57,0.59,Iris-setosa
5.52,3.73,1.51,0.16,Iris-setosa
5.50,4.04,1.20,0.40,Iris-setosa
5.58,4.14,1.13,0.56,Iris-setosa
4.69,3.40,1.77,0.19,Iris-setosa
4.86,3.40,1.09,0.58,Iris-setosa
4.97,3.98,1.55,0.57,Iris-setosa
4.72,3.90,1.46,0.32,Iris-setosa
4.92,3.78,1.89,0.12,Iris-setosa
5.22,3.65,1.50,0.21,Iris-setosa
4.96,3.49,1.03,0.50,Iris-setosa
5.28,3.51,1.61,0.47,Iris-setosa
4.69,4.32,1.57,0.38,Iris-setosa
4.66,3.37,1.59,0.56,Iris-setosa
5.09,3.02,1.23,0.41,Iris-setosa
5.72,4.39,1.17,0.36,Iris-setosa
5.23,3.83,1.12,0.11,Iris-setosa
5.42,3.29,1.88,0.21,Iris-setosa
5.37,4.19,1.74,0.32,Iris-setosa
4.61,4.22,1.51,0.30,Iris-setosa
5.70,3.07,1.62,0.37,Iris-setosa
5.09,3.30,1.31,0.32,Iris-setosa
5.31,3.23,1.50,0.26,Iris-setosa
5.16,3.58,1.35,0.51,Iris-setosa
5.64,4.25,1.73,0.26,Iris-setosa
5.01,4.40,1.24,0.37,Iris-setosa
5.41,3.50,1.51,0.56,Iris-setosa
4.89,4.03,1.67,0.40,Iris-setosa
4.99,4.33,1.62,0.11,Iris-setosa
5.31,3.88,1.05,0.29,Iris-setosa
5.21,4.05,1.62,0.36,Iris-setosa
4.67,4.36,1.40,0.35,Iris-setosa
4.92,3.98,1.06,0.59,Iris-setosa
5.44,4.01,1.70,0.21,Iris-setosa
5.10,4.32,1.31,0.54,Iris-setosa
5.46,3.18,1.53,0.32,Iris-setosa
4.90,4.34,1.84,0.36,Iris-setosa
5.70,3.58,1.85,0.21,Iris-setosa
4.66,4.44,1.65,0.42,Iris-setosa
5.05,4.31,1.77,0.50,Iris-setosa
5.74,4.33,1.67,0.60,Iris-setosa
5.18,4.42,1.15,0.18,Iris-setosa
4.75,3.56,1.56,0.47,Iris-setosa
5.75,4.37,1.15,0.20,Iris-setosa
5.04,3.93,1.43,0.16,Iris-setosa
5.80,3.66,1.33,0.12,Iris-setosa
4.87,4.37,1.40,0.16,Iris-setosa
5.28,4.22,1.11,0.33,Iris-setosa
5.08,3.38,1.17,0.50,Iris-setosa
5.05,4.14,1.06,0.57,Iris-setosa
5.54,3.56,1.76,0.38,Iris-setosa
5.10,4.15,1.61,0.18,Iris-setosa
5.27,3.88,1.40,0.35,Iris-setosa
5.20,4.47,1.17,0.51,Iris-setosa
4.64,3.59,1.56,0.53,Iris-setosa
5.76,3.34,1.71,0.19,Iris-setosa
4.52,4.25,1.19,0.57,Iris-setosa
4.69,4.17,1.85,0.39,Iris-setosa
5.28,4.31,1.16,0.11,Iris-setosa
5.52,4.15,1.10,0.55,Iris-setosa
5.04,3.58,1.59,0.27,Iris-setosa
4.74,3.66,1.22,0.56,Iris-setosa
4.67,3.88,1.29,0.55,Iris-setosa
5.37,4.09,1.70,0.36,Iris-setosa
5.23,4.30,1.32,0.14,Iris-setosa
4.58,4.12,1.17,0.44,Iris-setosa
4.83,3.62,1.49,0.49,Iris-setosa
5.67,3.22,1.19,0.47,Iris-setosa
5.74,3.22,1.42,0.53,Iris-setosa
5.44,3.81,1.09,0.52,Iris-setosa
5.71,4.10,1.59,0.29,Iris-setosa
5.33,3.63,1.85,0.56,Iris-setosa
4.58,4.14,1.28,0.23,Iris-setosa
5.77,3.27,1.52,0.56,Iris-setosa
5.77,3.63,1.84,0.56,Iris-setosa
5.54,3.41,1.58,0.30,Iris-setosa
5.47,3.22,1.77,0.48,Iris-setosa
5.17,3.87,1.10,0.22,Iris-setosa
5.76,3.12,1.55,0.38,Iris-setosa
5.66,3.73,1.83,0.17,Iris-setosa
4.77,3.58,1.61,0.26,Iris-setosa
4.78,3.43,1.74,0.37,Iris-setosa
5.79,4.18,1.82,0.51,Iris-setosa
4.99,4.33,1.45,0.57,Iris-setosa
4.64,4.10,1.71,0.23,Iris-setosa
4.70,4.49,1.54,0.23,Iris-setosa
5.39,3.18,1.26,0.32,Iris-setosa
5.78,3.17,1.13,0.43,Iris-setosa
4.89,3.91,1.84,0.46,Iris-setosa
5.65,3.27,1.44,0.28,Iris-setosa
4.84,4.08,1.38,0.21,Iris-setosa
5.19,3.95,1.83,0.12,Iris-setosa
5.33,3.68,1.73,0.34,Iris-setosa
5.04,3.25,1.37,0.55,Iris-setosa
5.53,3.08,1.23,0.25,Iris-setosa
5.46,3.85,1.18,0.43,Iris-setosa
5.05,3.04,1.60,0.30,Iris-setosa
5.10,3.44,1.12,0.53,Iris-setosa
5.04,4.23,1.75,0.31,Iris-setosa
5.19,4.14,1.06,0.29,Iris-setosa
5.77,3.76,1.80,0.13,Iris-setosa
5.03,3.75,1.59,0.57,Iris-setosa
5.65,3.72,1.20,0.42,Iris-setosa
4.86,3.89,1.35,0.10,Iris-setosa
5.54,3.11,1.00,0.18,Iris-setosa
5.22,3.09,1.61,0.38,Iris-setosa
5.78,3.67,1.17,0.56,Iris-setosa
5.32,3.22,1.28,0.28,Iris-setosa
5.62,3.51,1.48,0.11,Iris-setosa
4.53,4.05,1.62,0.51,Iris-setosa
4.87,3.60,1.87,0.28,Iris-setosa
4.79,3.03,1.46,0.41,Iris-setosa
5.11,3.31,1.36,0.60,Iris-setosa
5.79,4.29,1.01,0.43,Iris-setosa
5.58,3.42,1.71,0.17,Iris-setosa
5.74,3.82,1.64,0.12,Iris-setosa
4.94,3.88,1.11,0.51,Iris-setosa
5.28,3.55,1.38,0.59,Iris-setosa
4.63,3.60,1.45,0.18,Iris-setosa
4.76,3.98,1.01,0.10,Iris-setosa
4.71,3.79,1.50,0.56,Iris-setosa
4.65,3.31,1.81,0.58,Iris-setosa
5.66,3.30,1.84,0.35,Iris-setosa
5.23,3.13,1.55,0.29,Iris-setosa
4.97,3.34,1.44,0.48,Iris-setosa
5.61,4.17,1.70,0.28,Iris-setosa
5.23,3.22,1.39,0.25,Iris-setosa
5.25,3.55,1.18,0.18,Iris-setosa
5.09,3.71,1.61,0.57,Iris-setosa
4.91,3.26,1.10,0.59,Iris-setosa
4.63,3.47,1.00,0.47,Iris-setosa
5.64,4.50,1.64,0.41,Iris-setosa
5.13,4.41,1.74,0.39,Iris-setosa
4.58,4.45,1.41,0.17,Iris-setosa
5.30,3.10,1.63,0.28,Iris-setosa
5.09,3.75,1.80,0.37,Iris-setosa
4.70,4.36,1.84,0.23,Iris-setosa
5.60,3.10,1.72,0.26,Iris-setosa
5.31,3.56,1.62,0.30,Iris-setosa
4.82,3.96,1.13,0.13,Iris-setosa
5.72,4.25,1.63,0.25,Iris-setosa
5.12,3.03,1.86,0.48,Iris-setosa
5.49,3.52,1.39,0.37,Iris-setosa
5.67,3.72,1.16,0.35,Iris-setosa
5.75,3.57,1.16,0.46,Iris-setosa
5.65,3.59,1.10,0.27,Iris-setosa
4.89,3.47,1.54,0.43,Iris-setosa
5.58,4.07,1.88,0.57,Iris-setosa
5.63,3.42,1.45,0.27,Iris-setosa
5.80,3.95,1.73,0.21,Iris-setosa
4.64,3.20,1.10,0.11,Iris-setosa
5.08,4.03,1.48,0.48,Iris-setosa
4.98,3.95,1.85,0.42,Iris-setosa
5.54,3.01,1.08,0.11,Iris-setosa
4.96,3.15,1.86,0.29,Iris-setosa
5.43,4.18,1.82,0.46,Iris-setosa
5.64,3.15,1.86,0.54,Iris-setosa
4.67,4.42,1.09,0.37,Iris-setosa
5.45,3.00,1.02,0.43,Iris-setosa
5.57,3.82,1.10,0.24,Iris-setosa
5.51,3.64,1.55,0.47,Iris-setosa
5.48,3.86,1.72,0.15,Iris-setosa
4.98,4.26,1.66,0.29,Iris-setosa
4.84,3.05,1.18,0.30,Iris-setosa
5.51,4.45,1.00,0.32,Iris-setosa
4.67,3.86,1.19,0.37,Iris-setosa
4.83,4.01,1.76,0.53,Iris-setosa
5.73,4.46,1.27,0.30,Iris-setosa
5.68,3.76,1.88,0.26,Iris-setosa
5.09,3.36,1.63,0.36,Iris-setosa
5.09,3.16,1.77,0.10,Iris-setosa
5.48,3.33,1.74,0.30,Iris-setosa
5.30,3.08,1.83,0.50,Iris-setosa
5.06,4.39,1.76,0.53,Iris-setosa
5.39,4.45,1.59,0.52,Iris-setosa
4.70,4.38,1.50,0.10,Iris-setosa
5.10,4.42,1.79,0.53,Iris-setosa
4.83,3.86,1.25,0.58,Iris-setosa
5.49,3.81,1.72,0.53,Iris-setosa
4.79,4.47,1.89,0.27,Iris-setosa
5.75,4.40,1.57,0.10,Iris-setosa
4.96,4.15,1.21,0.22,Iris-setosa
5.10,3.06,1.00,0.55,Iris-setosa
5.43,3.44,1.44,0.24,Iris-setosa
4.51,3.93,1.20,0.42,Iris-setosa
5.01,4.12,1.84,0.50,Iris-setosa
4.69,4.01,1.28,0.57,Iris-setosa
5.27,3.39,1.69,0.26,Iris-setosa
5.03,4.13,1.31,0.51,Iris-setosa
5.78,3.05,1.64,0.59,Iris-setosa
5.60,4.27,1.35,0.24,Iris-setosa
5.21,3.07,1.12,0.30,Iris-setosa
4.62,3.02,1.19,0.48,Iris-setosa
5.31,4.45,1.07,0.22,Iris-setosa
4.68,3.06,1.47,0.53,Iris-setosa
4.53,3.19,1.06,0.30,Iris-setosa
4.94,3.89,1.32,0.25,Iris-setosa
5.02,4.31,1.37,0.49,Iris-setosa
5.09,4.23,1.77,0.54,Iris-setosa
4.77,3.89,1.51,0.44,Iris-setosa
5.41,3.37,1.71,0.30,Iris-setosa
5.73,3.24,1.53,0.43,Iris-setosa
4.71,3.74,1.16,0.32,Iris-setosa
5.20,4.09,1.74,0.22,Iris-setosa
5.76,3.27,1.16,0.40,Iris-setosa
4.58,4.48,1.28,0.42,Iris-setosa
4.65,4.35,1.89,0.40,Iris-setosa
4.69,3.57,1.61,0.54,Iris-setosa
5.60,3.53,1.33,0.24,Iris-setosa
5.40,4.38,1.32,0.27,Iris-setosa
5.77,4.26,1.17,0.33,Iris-setosa
5.63,3.82,1.37,0.13,Iris-setosa
5.28,4.09,1.80,0.18,Iris-setosa
5.16,3.23,1.41,0.24,Iris-setosa
5.74,4.04,1.88,0.42,Iris-setosa
4.74,4.19,1.25,0.47,Iris-setosa
5.13,4.19,1.75,0.29,Iris-setosa
5.58,4.02,1.18,0.22,Iris-setosa
5.01,3.93,1.37,0.47,Iris-setosa
5.30,4.34,1.34,0.54,Iris-setosa
4.69,3.20,1.65,0.10,Iris-setosa
4.84,3.08,1.43,0.34,Iris-setosa
5.44,4.45,1.11,0.22,Iris-setosa
4.82,3.41,1.34,0.55,Iris-setosa
5.39,3.38,1.67,0.57,Iris-setosa
5.17,3.21,1.00,0.20,Iris-setosa
4.82,3.38,1.65,0.30,Iris-setosa
5.22,4.01,1.34,0.56,Iris-setosa
5.66,3.57,1.84,0.29,Iris-setosa
4.55,3.52,1.32,0.58,Iris-setosa
4.97,3.55,1.37,0.39,Iris-setosa
4.99,4.00,1.71,0.54,Iris-setosa
5.77,3.98,1.72,0.44,Iris-setosa
5.61,4.45,1.08,0.27,Iris-setosa
5.24,3.52,1.22,0.33,Iris-setosa
4.86,3.53,1.30,0.28,Iris-setosa
5.20,3.25,1.76,0.41,Iris-setosa
4.69,4.42,1.37,0.30,Iris-setosa
5.64,3.54,1.45,0.54,Iris-setosa
5.73,4.33,1.84,0.32,Iris-setosa
4.55,3.68,1.51,0.24,Iris-setosa
4.54,4.10,1.77,0.41,Iris-setosa
4.60,3.43,1.82,0.36,Iris-setosa
4.58,3.36,1.82,0.19,Iris-setosa
5.09,4.23,1.24,0.20,Iris-setosa
4.72,3.92,1.51,0.39,Iris-setosa
4.98,3.71,1.75,0.58,Iris-setosa
4.72,4.13,1.82,0.18,Iris-setosa
5.22,3.21,1.42,0.16,Iris-setosa
5.19,3.12,1.56,0.53,Iris-setosa
5.63,3.16,1.25,0.57,Iris-setosa
5.79,4.42,1.18,0.37,Iris-setosa
4.77,3.69,1.05,0.16,Iris-setosa
5.69,4.10,1.77,0.12,Iris-setosa
5.06,4.14,1.04,0.50,Iris-setosa
5.56,3.18,1.69,0.25,Iris-setosa
5.03,3.09,1.01,0.23,Iris-setosa
5.46,3.25,1.72,0.47,Iris-setosa
5.01,3.83,1.46,0.14,Iris-setosa
4.87,3.25,1.60,0.11,Iris-setosa
4.91,3.58,1.86,0.38,Iris-setosa
5.21,3.61,1.14,0.47,Iris-setosa
5.36,3.74,1.60,0.34,Iris-setosa
4.80,3.38,1.15,0.48,Iris-setosa
4.53,3.59,1.19,0.43,Iris-setosa
5.45,3.52,1.25,0.23,Iris-setosa
5.33,3.63,1.64,0.51,Iris-setosa
5.74,3.99,1.28,0.35,Iris-setosa
4.88,4.12,1.65,0.43,Iris-setosa
4.57,4.10,1.21,0.17,Iris-setosa
5.21,3.22,1.90,0.29,Iris-setosa
5.21,3.70,1.09,0.39,Iris-setosa
4.58,3.71,1.36,0.44,Iris-setosa
4.93,3.18,1.89,0.29,Iris-setosa
5.27,3.26,1.40,0.26,Iris-setosa
5.32,3.73,1.14,0.59,Iris-setosa
5.68,3.65,1.41,0.42,Iris-setosa
5.68,3.60,1.87,0.31,Iris-setosa
5.17,3.93,1.27,0.36,Iris-setosa
4.73,4.45,1.03,0.27,Iris-setosa
4.85,3.41,1.09,0.49,Iris-setosa
5.00,3.44,1.77,0.53,Iris-setosa
5.77,4.13,1.44,0.21,Iris-setosa
5.43,3.80,1.83,0.54,Iris-setosa
5.39,3.33,1.18,0.23,Iris-setosa
5.80,3.67,1.76,0.59,Iris-setosa
4.91,4.03,1.14,0.28,Iris-setosa
5.26,4.47,1.15,0.16,Iris-setosa
5.38,3.37,1.30,0.39,Iris-setosa
4.96,3.65,1.82,0.34,Iris-setosa
4.73,4.05,1.83,0.46,Iris-setosa
5.42,3.35,1.86,0.31,Iris-setosa
5.45,3.30,1.72,0.22,Iris-setosa
5.53,3.57,1.67,0.23,Iris-setosa
5.19,4.08,1.18,0.40,Iris-setosa
4.81,3.22,1.03,0.33,Iris-setosa
5.71,3.43,1.04,0.59,Iris-setosa
4.61,3.81,1.57,0.27,Iris-setosa
5.11,3.68,1.34,0.27,Iris-setosa
5.59,3.86,1.40,0.27,Iris-setosa
5.38,3.63,1.89,0.25,Iris-setosa
5.51,3.66,1.85,0.45,Iris-setosa
5.10,3.97,1.88,0.31,Iris-setosa
5.60,3.19,1.28,0.49,Iris-setosa
5.80,3.07,1.76,0.45,Iris-setosa
5.64,4.49,1.58,0.36,Iris-setosa
5.08,4.49,1.55,0.35,Iris-setosa
5.74,3.51,1.73,0.54,Iris-setosa
4.53,4.16,1.68,0.16,Iris-setosa
4.69,3.27,1.32,0.13,Iris-setosa
4.77,3.28,1.09,0.52,Iris-setosa
5.65,3.70,1.82,0.57,Iris-setosa
4.53,3.69,1.88,0.12,Iris-setosa
5.51,4.07,1.45,0.12,Iris-setosa
5.49,3.96,1.21,0.48,Iris-setosa
5.25,3.96,1.45,0.56,Iris-setosa
5.30,3.25,1.82,0.51,Iris-setosa
5.39,3.39,1.00,0.52,Iris-setosa
5.77,3.45,1.65,0.33,Iris-setosa
4.90,4.11,1.22,0.59,Iris-setosa
5.15,3.77,1.51,0.50,Iris-setosa
4.67,3.95,1.84,0.55,Iris-setosa
4.62,3.25,1.73,0.58,Iris-setosa
4.93,3.88,1.73,0.36,Iris-setosa
5.04,4.40,1.88,0.34,Iris-setosa
4.50,3.81,1.77,0.17,Iris-setosa
5.37,4.35,1.10,0.25,Iris-setosa
5.19,4.32,1.74,0.27,Iris-setosa
5.32,3.43,1.03,0.38,Iris-setosa
5.02,3.52,1.11,0.36,Iris-setosa
4.89,3.18,1.08,0.53,Iris-setosa
5.15,3.56,1.15,0.35,Iris-setosa
5.23,3.67,1.22,0.12,Iris-setosa
5.69,3.51,1.69,0.41,Iris-setosa
5.47,4.24,1.59,0.12,Iris-setosa
5.40,4.31,1.08,0.13,Iris-setosa
4.53,3.31,1.80,0.16,Iris-setosa
4.74,3.09,1.36,0.28,Iris-setosa
5.71,3.67,1.51,0.56,Iris-setosa
5.73,3.69,1.48,0.36,Iris-setosa
5.26,3.13,1.14,0.27,Iris-setosa
4.69,3.08,1.66,0.48,Iris-setosa
4.86,3.11,1.83,0.30,Iris-setosa
4.67,3.82,1.39,0.28,Iris-setosa
5.20,3.90,1.58,0.24,Iris-setosa
5.23,4.17,1.08,0.51,Iris-setosa
5.69,3.45,1.27,0.25,Iris-setosa
4.73,3.16,1.10,0.17,Iris-setosa
5.75,3.50,1.79,0.40,Iris-setosa
4.82,4.37,1.41,0.31,Iris-setosa
4.85,3.35,1.15,0.51,Iris-setosa
4.67,4.14,1.53,0.40,Iris-setosa
5.09,3.71,1.09,0.48,Iris-setosa
5.27,4.11,1.60,0.29,Iris-setosa
5.15,3.20,1.80,0.18,Iris-setosa
5.45,3.13,1.22,0.32,Iris-setosa
5.66,3.30,1.15,0.56,Iris-setosa
5.48,3.10,1.02,0.36,Iris-setosa
4.88,3.33,1.84,0.29,Iris-setosa
5.67,4.09,1.11,0.19,Iris-setosa
5.64,3.76,1.67,0.36,Iris-setosa
4.71,3.14,1.09,0.58,Iris-setosa
5.17,3.10,1.70,0.24,Iris-setosa
5.54,4.09,1.62,0.38,Iris-setosa
4.87,4.31,1.43,0.19,Iris-setosa
5.36,4.34,1.86,0.19,Iris-setosa
4.84,3.36,1.87,0.56,Iris-setosa
5.56,4.02,1.27,0.60,Iris-setosa
4.98,3.56,1.50,0.17,Iris-setosa
4.53,4.25,1.47,0.39,Iris-setosa
5.48,3.68,1.75,0.49,Iris-setosa
4.60,3.19,1.89,0.46,Iris-setosa
4.59,3.96,1.24,0.15,Iris-setosa
4.57,3.84,1.40,0.50,Iris-setosa
5.22,3.00,1.37,0.39,Iris-setosa
5.70,4.07,1.10,0.56,Iris-setosa
5.59,3.39,1.82,0.40,Iris-setosa
4.61,4.48,1.07,0.24,Iris-setosa
5.46,4.09,1.06,0.16,Iris-setosa
5.64,3.97,1.17,0.33,Iris-setosa
5.38,3.03,1.59,0.45,Iris-setosa
4.57,4.22,1.80,0.48,Iris-setosa
4.93,3.30,1.17,0.27,Iris-setosa
5.34,4.35,1.59,0.45,Iris-setosa
5.40,3.91,1.76,0.25,Iris-setosa
5.76,3.08,1.07,0.18,Iris-setosa
5.37,3.75,1.64,0.38,Iris-setosa
5.17,4.02,1.72,0.60,Iris-setosa
5.60,3.23,1.19,0.49,Iris-setosa
5.79,3.12,1.54,0.14,Iris-setosa
4.65,3.29,1.60,0.11,Iris-setosa
5.57,4.04,1.56,0.11,Iris-setosa
4.83,3.29,1.46,0.21,Iris-setosa
5.57,4.03,1.33,0.55,Iris-setosa
5.30,4.34,1.46,0.36,Iris-setosa
5.65,3.97,1.84,0.10,Iris-setosa
5.32,3.76,1.08,0.54,Iris-setosa
5.58,4.08,1.77,0.32,Iris-setosa
5.33,3.01,1.52,0.30,Iris-setosa
5.66,3.81,1.18,0.48,Iris-setosa
4.96,3.56,1.82,0.32,Iris-setosa
4.97,3.94,1.85,0.23,Iris-setosa
5.77,3.19,1.21,0.35,Iris-setosa
4.96,3.33,1.74,0.36,Iris-setosa
5.34,4.07,1.36,0.26,Iris-setosa
5.62,3.96,1.10,0.33,Iris-setosa
5.68,3.80,1.16,0.43,Iris-setosa
5.06,4.08,1.06,0.44,Iris-setosa
4.89,3.94,1.77,0.53,Iris-setosa
4.72,4.32,1.77,0.14,Iris-setosa
4.77,3.57,1.42,0.13,Iris-setosa
5.64,4.25,1.39,0.20,Iris-setosa
5.32,4.18,1.65,0.39,Iris-setosa
5.28,3.09,1.49,0.20,Iris-setosa
5.21,4.50,1.59,0.14,Iris-setosa
5.61,3.76,1.66,0.16,Iris-setosa
5.73,3.47,1.21,0.20,Iris-setosa
4.82,3.24,1.31,0.29,Iris-setosa
5.47,4.29,1.60,0.16,Iris-setosa
4.94,3.67,1.44,0.43,Iris-setosa
4.74,3.70,1.07,0.55,Iris-setosa
5.79,3.93,1.69,0.58,Iris-setosa
5.00,4.01,1.71,0.54,Iris-setosa
5.06,3.81,1.13,0.21,Iris-setosa
4.69,4.12,1.37,0.21,Iris-setosa
5.57,3.87,1.15,0.46,Iris-setosa
4.84,3.22,1.36,0.37,Iris-setosa
4.76,3.77,1.52,0.24,Iris-setosa
5.57,4.38,1.80,0.19,Iris-setosa
5.57,3.94,1.79,0.22,Iris-setosa
4.86,4.28,1.77,0.33,Iris-setosa
5.16,3.61,1.39,0.15,Iris-setosa
4.98,3.62,1.01,0.19,Iris-setosa
5.05,3.85,1.27,0.51,Iris-setosa
4.61,4.19,1.87,0.53,Iris-setosa
4.92,3.37,1.61,0.17,Iris-setosa
4.75,3.92,1.41,0.10,Iris-setosa
5.02,4.02,1.61,0.11,Iris-setosa
4.76,3.09,1.73,0.52,Iris-setosa
4.52,3.85,1.05,0.37,Iris-setosa
5.29,3.82,1.78,0.40,Iris-setosa
4.65,3.09,1.70,0.39,Iris-setosa
5.68,3.25,1.07,0.32,Iris-setosa
4.66,3.17,1.69,0.18,Iris-setosa
5.35,3.72,1.43,0.13,Iris-setosa
5.11,3.64,1.19,0.25,Iris-setosa
5.24,3.77,1.61,0.20,Iris-setosa
4.73,3.64,1.03,0.48,Iris-setosa
5.17,4.33,1.22,0.22,Iris-setosa
4.66,4.43,1.72,0.13,Iris-setosa
5.50,3.78,1.88,0.40,Iris-setosa
5.68,3.86,1.76,0.41,Iris-setosa
4.52,3.49,1.81,0.46,Iris-setosa
5.04,3.98,1.42,0.51,Iris-setosa
5.59,4.27,1.20,0.57,Iris-setosa
5.19,4.12,1.55,0.34,Iris-setosa
5.54,4.07,1.31,0.26,Iris-setosa
5.27,4.14,1.16,0.56,Iris-setosa
4.82,3.52,1.62,0.25,Iris-setosa
5.14,3.12,1.06,0.50,Iris-setosa
5.21,3.71,1.07,0.57,Iris-setosa
5.37,3.90,1.41,0.17,Iris-setosa
4.93,3.12,1.79,0.49,Iris-setosa
4.72,3.37,1.89,0.25,Iris-setosa
5.64,3.16,1.88,0.10,Iris-setosa
5.34,3.84,1.82,0.16,Iris-setosa
5.70,4.49,1.49,0.55,Iris-setosa
4.62,3.50,1.19,0.59,Iris-setosa
4.88,3.99,1.04,0.23,Iris-setosa
5.00,3.73,1.35,0.49,Iris-setosa
4.90,4.21,1.75,0.20,Iris-setosa
4.73,3.73,1.40,0.22,Iris-setosa
5.52,3.78,1.51,0.16,Iris-setosa
5.43,3.26,1.08,0.46,Iris-setosa
4.59,3.68,1.02,0.17,Iris-setosa
5.01,4.18,1.34,0.40,Iris-setosa
5.20,3.32,1.16,0.25,Iris-setosa
4.98,3.52,1.23,0.53,Iris-setosa
4.90,4.07,1.51,0.15,Iris-setosa
5.08,4.45,1.56,0.37,Iris-setosa
4.85,3.76,1.34,0.19,Iris-setosa
4.55,3.94,1.89,0.14,Iris-setosa
5.35,3.74,1.65,0.37,Iris-setosa
5.74,3.53,1.81,0.48,Iris-setosa
5.32,3.66,1.89,0.24,Iris-setosa
4.85,3.13,1.45,0.52,Iris-setosa
5.47,3.35,1.35,0.44,Iris-setosa
5.29,3.82,1.09,0.49,Iris-setosa
4.83,4.16,1.88,0.38,Iris-setosa
5.17,4.17,1.46,0.19,Iris-setosa
5.14,4.46,1.60,0.53,Iris-setosa
5.54,3.67,1.52,0.54,Iris-setosa
5.73,3.42,1.24,0.53,Iris-setosa
5.79,4.19,1.11,0.32,Iris-setosa
5.44,3.84,1.40,0.44,Iris-setosa
4.88,4.50,1.22,0.21,Iris-setosa
5.05,3.70,1.85,0.11,Iris-setosa
5.44,3.49,1.70,0.28,Iris-setosa
5.45,3.70,1.77,0.55,Iris-setosa
4.88,3.32,1.07,0.41,Iris-setosa
4.78,3.29,1.37,0.25,Iris-setosa
4.97,3.44,1.74,0.11,Iris-setosa
4.66,4.25,1.70,0.50,Iris-setosa
5.30,4.43,1.22,0.25,Iris-setosa
4.71,4.02,1.81,0.31,Iris-setosa
4.80,4.39,1.90,0.15,Iris-setosa
5.25,3.10,1.05,0.41,Iris-setosa
4.81,3.02,1.61,0.19,Iris-setosa
4.52,3.55,1.02,0.52,Iris-setosa
4.62,4.42,1.54,0.59,Iris-setosa
5.73,3.96,1.78,0.24,Iris-setosa
5.71,4.44,1.37,0.35,Iris-setosa
5.38,3.37,1.59,0.46,Iris-setosa
4.72,4.01,1.56,0.21,Iris-setosa
4.79,3.75,1.73,0.25,Iris-setosa
4.86,3.31,1.14,0.43,Iris-setosa
5.19,3.06,1.69,0.19,Iris-setosa
5.68,4.10,1.41,0.44,Iris-setosa
5.64,4.01,1.14,0.56,Iris-setosa
5.53,4.36,1.71,0.34,Iris-setosa
5.01,4.15,1.66,0.18,Iris-setosa
5.78,4.13,1.64,0.23,Iris-setosa
4.57,3.68,1.67,0.23,Iris-setosa
5.08,3.14,1.01,0.50,Iris-setosa
5.27,3.34,1.42,0.35,Iris-setosa
4.52,3.83,1.39,0.22,Iris-setosa
4.68,4.14,1.06,0.17,Iris-setosa
4.79,3.90,1.85,0.25,Iris-setosa
5.30,4.32,1.08,0.50,Iris-setosa
5.21,3.60,1.52,0.15,Iris-setosa
4.69,3.25,1.08,0.35,Iris-setosa
4.64,3.33,1.82,0.54,Iris-setosa
5.73,3.89,1.39,0.31,Iris-setosa
5.49,4.15,1.74,0.12,Iris-setosa
5.23,3.05,1.10,0.38,Iris-setosa
4.73,4.02,1.06,0.13,Iris-setosa
5.04,4.20,1.05,0.22,Iris-setosa
5.04,3.11,1.58,0.55,Iris-setosa
5.71,3.45,1.43,0.50,Iris-setosa
4.52,4.26,1.31,0.12,Iris-setosa
5.49,3.87,1.09,0.34,Iris-setosa
5.22,3.04,1.65,0.59,Iris-setosa
5.69,3.64,1.28,0.33,Iris-setosa
4.88,4.05,1.19,0.47,Iris-setosa
5.48,3.13,1.56,0.37,Iris-setosa
5.02,4.34,1.53,0.16,Iris-setosa
4.71,4.47,1.89,0.10,Iris-setosa
5.40,3.99,1.57,0.39,Iris-setosa
5.05,4.31,1.76,0.43,Iris-setosa
4.57,3.52,1.66,0.35,Iris-setosa
5.17,3.54,1.76,0.56,Iris-setosa
5.67,3.80,1.87,0.19,Iris-setosa
5.70,4.01,1.75,0.39,Iris-setosa
4.98,3.48,1.67,0.12,Iris-setosa
4.70,3.25,1.37,0.42,Iris-setosa
4.58,4.30,1.06,0.48,Iris-setosa
5.18,4.49,1.08,0.23,Iris-setosa
5.27,3.56,1.04,0.29,Iris-setosa
4.52,4.10,1.90,0.50,Iris-setosa
4.79,4.47,1.18,0.37,Iris-setosa
4.70,3.24,1.52,0.30,Iris-setosa
4.86,3.14,1.60,0.27,Iris-setosa
4.74,3.39,1.71,0.39,Iris-setosa
4.86,3.50,1.31,0.47,Iris-setosa
4.70,3.34,1.60,0.12,Iris-setosa
5.60,4.48,1.54,0.17,Iris-setosa
5.19,3.20,1.25,0.24,Iris-setosa
5.64,3.93,1.13,0.47,Iris-setosa
5.19,3.48,1.47,0.10,Iris-setosa
5.15,3.63,1.08,0.59,Iris-setosa
4.86,4.33,1.20,0.19,Iris-setosa
5.63,3.23,1.28,0.46,Iris-setosa
5.04,4.19,1.36,0.35,Iris-setosa
5.51,3.10,1.59,0.33,Iris-setosa
5.71,3.43,1.78,0.34,Iris-setosa
5.34,4.48,1.64,0.30,Iris-setosa
4.65,4.34,1.33,0.27,Iris-setosa
5.00,3.58,1.90,0.26,Iris-setosa
4.59,3.10,1.78,0.38,Iris-setosa
4.62,3.55,1.77,0.33,Iris-setosa
4.77,3.32,1.86,0.39,Iris-setosa
5.52,3.90,1.49,0.10,Iris-setosa
5.11,4.20,1.23,0.29,Iris-setosa
5.05,4.32,1.08,0.53,Iris-setosa
4.99,3.92,1.25,0.37,Iris-setosa
4.50,4.05,1.03,0.39,Iris-setosa
4.65,3.71,1.24,0.15,Iris-setosa
5.22,4.44,1.13,0.58,Iris-setosa
4.79,4.49,1.86,0.32,Iris-setosa
4.71,4.44,1.57,0.32,Iris-setosa
5.25,3.16,1.15,0.59,Iris-setosa
5.11,3.06,1.46,0.35,Iris-setosa
5.54,3.73,1.58,0.28,Iris-setosa
4.85,3.81,1.11,0.30,Iris-setosa
4.83,3.15,1.78,0.25,Iris-setosa
4.57,3.17,1.02,0.28,Iris-setosa
4.78,3.77,1.28,0.42,Iris-setosa
5.47,3.71,1.55,0.42,Iris-setosa
5.75,4.02,1.62,0.49,Iris-setosa
5.70,4.45,1.32,0.25,Iris-setosa
5.57,3.45,1.05,0.56,Iris-setosa
4.75,4.22,1.31,0.50,Iris-setosa
5.01,3.05,1.70,0.50,Iris-setosa
5.45,4.07,1.65,0.22,Iris-setosa
5.23,3.28,1.74,0.30,Iris-setosa
5.64,3.32,1.01,0.21,Iris-setosa
5.73,3.79,1.66,0.27,Iris-setosa
5.14,3.15,1.41,0.47,Iris-setosa
5.71,3.65,1.45,0.48,Iris-setosa
5.10,3.84,1.09,0.21,Iris-setosa
5.05,3.90,1.78,0.42,Iris-setosa
5.00,3.11,1.74,0.58,Iris-setosa
5.79,4.28,1.02,0.26,Iris-setosa
5.18,3.15,1.81,0.29,Iris-setosa
4.56,4.28,1.60,0.28,Iris-setosa
5.15,3.20,1.61,0.50,Iris-setosa
4.62,4.29,1.75,0.57,Iris-setosa
4.79,3.95,1.38,0.11,Iris-setosa
5.05,4.01,1.88,0.51,Iris-setosa
4.68,4.41,1.38,0.33,Iris-setosa
5.30,3.66,1.27,0.15,Iris-setosa
5.50,3.26,1.86,0.48,Iris-setosa
5.52,3.14,1.22,0.41,Iris-setosa
4.59,4.03,1.64,0.25,Iris-setosa
5.02,3.68,1.49,0.43,Iris-setosa
4.68,3.98,1.60,0.12,Iris-setosa
4.69,3.40,1.48,0.18,Iris-setosa
4.85,4.14,1.52,0.16,Iris-setosa
4.78,4.32,1.21,0.51,Iris-setosa
5.09,3.24,1.62,0.52,Iris-setosa
5.55,3.12,1.64,0.43,Iris-setosa
5.36,3.23,1.15,0.37,Iris-setosa
5.71,3.70,1.63,0.54,Iris-setosa
5.40,3.25,1.32,0.34,Iris-setosa
5.43,3.60,1.23,0.21,Iris-setosa
4.94,3.22,1.01,0.12,Iris-setosa
5.45,3.34,1.14,0.16,Iris-setosa
4.61,3.45,1.84,0.30,Iris-setosa
4.76,3.77,1.26,0.22,Iris-setosa
5.50,4.21,1.78,0.11,Iris-setosa
5.74,3.55,1.14,0.29,Iris-setosa
5.47,3.16,1.32,0.17,Iris-setosa
5.24,3.22,1.24,0.47,Iris-setosa
5.19,3.98,1.04,0.31,Iris-setosa
4.59,3.15,1.08,0.56,Iris-setosa
4.59,3.56,1.57,0.25,Iris-setosa
4.59,4.05,1.73,0.27,Iris-setosa
5.74,3.32,1.38,0.38,Iris-setosa
4.84,4.25,1.06,0.56,Iris-setosa
4.94,3.67,1.17,0.44,Iris-setosa
5.40,3.04,1.28,0.11,Iris-setosa
4.92,4.12,1.72,0.27,Iris-setosa
4.63,3.46,1.66,0.22,Iris-setosa
4.61,3.08,1.75,0.31,Iris-setosa
4.98,3.74,1.54,0.29,Iris-setosa
4.55,4.23,1.06,0.44,Iris-setosa
5.62,3.06,1.50,0.50,Iris-setosa
5.43,3.27,1.64,0.26,Iris-setosa
4.55,3.83,1.32,0.54,Iris-setosa
4.86,3.11,1.57,0.39,Iris-setosa
5.70,4.14,1.83,0.25,Iris-setosa
5.53,3.64,1.82,0.13,Iris-setosa
4.52,3.81,1.62,0.37,Iris-setosa
5.31,4.26,1.63,0.15,Iris-setosa
5.58,3.27,1.69,0.36,Iris-setosa
5.36,3.68,1.89,0.48,Iris-setosa
4.88,3.15,1.30,0.38,Iris-setosa
4.78,4.42,1.74,0.11,Iris-setosa
5.03,3.97,1.11,0.55,Iris-setosa
5.46,4.24,1.13,0.27,Iris-setosa
4.72,4.07,1.14,0.34,Iris-setosa
5.58,3.56,1.20,0.40,Iris-setosa
5.18,3.38,1.01,0.50,Iris-setosa
4.57,3.05,1.37,0.21,Iris-setosa
5.50,4.45,1.16,0.16,Iris-setosa
5.21,3.15,1.47,0.54,Iris-setosa
5.74,4.18,1.33,0.10,Iris-setosa
5.22,4.32,1.35,0.58,Iris-setosa
5.64,4.27,1.79,0.23,Iris-setosa
4.86,4.18,1.09,0.14,Iris-setosa
5.66,3.13,1.26,0.52,Iris-setosa
5.32,4.50,1.05,0.58,Iris-setosa
5.37,4.14,1.11,0.57,Iris-setosa
5.67,4.01,1.85,0.38,Iris-setosa
5.15,3.49,1.27,0.41,Iris-setosa
4.98,4.24,1.11,0.25,Iris-setosa
5.59,4.03,1.31,0.36,Iris-setosa
4.90,3.47,1.14,0.54,Iris-setosa
4.73,3.95,1.88,0.46,Iris-setosa
4.58,3.96,1.35,0.48,Iris-setosa
5.16,4.42,1.24,0.35,Iris-setosa
5.78,3.71,1.74,0.35,Iris-setosa
5.57,3.96,1.49,0.53,Iris-setosa
5.12,3.10,1.65,0.42,Iris-setosa
5.22,3.20,1.83,0.54,Iris-setosa
5.17,4.42,1.61,0.31,Iris-setosa
5.56,3.67,1.76,0.19,Iris-setosa
4.85,4.00,1.05,0.59,Iris-setosa
5.57,4.06,1.26,0.32,Iris-setosa
5.39,3.70,1.07,0.36,Iris-setosa
5.06,2.67,3.65,1.28,Iris-versicolor
5.57,3.48,4.95,1.49,Iris-versicolor
6.24,3.02,3.33,1.45,Iris-versicolor
5.91,2.83,4.50,1.74,Iris-versicolor
6.07,2.81,3.53,1.49,Iris-versicolor
6.90,2.98,3.16,1.43,Iris-versicolor
5.33,2.04,4.18,1.69,Iris-versicolor
5.95,2.77,4.59,1.04,Iris-versicolor
5.68,2.40,3.45,1.65,Iris-versicolor
5.98,2.00,4.27,1.06,Iris-versicolor
5.64,2.22,4.10,1.33,Iris-versicolor
6.25,2.38,4.34,1.45,Iris-versicolor
6.60,2.50,4.29,1.23,Iris-versicolor
5.76,3.04,3.38,1.33,Iris-versicolor
5.52,2.07,3.78,1.69,Iris-versicolor
6.94,2.57,3.56,1.04,Iris-versicolor
5.22,2.04,3.87,1.73,Iris-versicolor
5.97,3.32,4.63,1.01,Iris-versicolor
5.89,2.95,3.60,1.01,Iris-versicolor
6.49,2.05,5.04,1.60,Iris-versicolor
5.85,3.50,3.31,1.66,Iris-versicolor
5.98,2.54,4.00,1.18,Iris-versicolor
6.00,2.96,4.06,1.28,Iris-versicolor
6.66,3.49,4.63,1.66,Iris-versicolor
5.19,3.49,4.94,1.32,Iris-versicolor
5.09,2.44,4.77,1.71,Iris-versicolor
5.83,3.11,4.44,1.06,Iris-versicolor
5.40,2.92,3.96,1.61,Iris-versicolor
5.98,3.40,4.73,1.73,Iris-versicolor
5.30,3.32,3.63,1.11,Iris-versicolor
6.29,2.38,3.00,1.03,Iris-versicolor
6.74,3.38,4.93,1.23,Iris-versicolor
6.95,3.37,3.49,1.33,Iris-versicolor
5.54,2.94,3.24,1.10,Iris-versicolor
6.13,2.06,3.71,1.12,Iris-versicolor
6.64,2.87,3.77,1.39,Iris-versicolor
5.94,2.87,4.28,1.25,Iris-versicolor
6.43,2.85,3.77,1.00,Iris-versicolor
6.54,2.01,3.46,1.62,Iris-versicolor
5.83,2.15,4.58,1.28,Iris-versicolor
5.26,2.63,3.33,1.11,Iris-versicolor
6.46,2.07,4.15,1.67,Iris-versicolor
6.52,3.17,4.87,1.43,Iris-versicolor
6.65,3.15,3.14,1.45,Iris-versicolor
6.29,2.64,4.97,1.06,Iris-versicolor
6.67,2.76,3.28,1.59,Iris-versicolor
5.96,2.04,3.17,1.09,Iris-versicolor
6.83,3.34,4.92,1.56,Iris-versicolor
6.30,3.03,4.93,1.50,Iris-versicolor
6.84,3.19,4.61,1.71,Iris-versicolor
5.43,3.31,4.99,1.36,Iris-versicolor
5.23,3.27,4.80,1.55,Iris-versicolor
6.48,2.47,3.89,1.03,Iris-versicolor
6.04,2.74,3.94,1.76,Iris-versicolor
5.74,2.07,4.39,1.03,Iris-versicolor
6.63,2.43,3.23,1.56,Iris-versicolor
6.21,2.50,4.09,1.74,Iris-versicolor
6.85,3.14,3.63,1.12,Iris-versicolor
6.16,2.12,3.47,1.36,Iris-versicolor
6.43,2.35,3.01,1.15,Iris-versicolor
6.61,3.39,4.75,1.44,Iris-versicolor
5.83,2.32,3.83,1.69,Iris-versicolor
6.46,2.35,4.93,1.05,Iris-versicolor
6.34,2.58,4.61,1.45,Iris-versicolor
6.17,2.86,3.64,1.33,Iris-versicolor
5.69,2.44,3.21,1.77,Iris-versicolor
5.55,2.75,5.01,1.05,Iris-versicolor
6.08,2.28,3.18,1.67,Iris-versicolor
5.78,2.91,3.69,1.34,Iris-versicolor
5.74,3.03,4.00,1.35,Iris-versicolor
6.01,2.44,4.64,1.40,Iris-versicolor
6.00,2.30,5.09,1.72,Iris-versicolor
5.87,2.94,4.81,1.34,Iris-versicolor
5.96,2.38,3.59,1.77,Iris-versicolor
5.15,2.40,4.19,1.61,Iris-versicolor
5.75,2.30,4.16,1.75,Iris-versicolor
6.83,2.54,4.94,1.19,Iris-versicolor
5.47,3.42,4.99,1.58,Iris-versicolor
6.00,3.19,3.82,1.02,Iris-versicolor
5.83,2.90,4.66,1.26,Iris-versicolor
5.63,2.54,3.13,1.08,Iris-versicolor
6.50,2.47,3.33,1.06,Iris-versicolor
6.86,2.82,4.20,1.10,Iris-versicolor
5.23,2.90,4.11,1.53,Iris-versicolor
5.67,2.21,3.43,1.58,Iris-versicolor
6.84,3.43,3.97,1.45,Iris-versicolor
6.68,3.17,4.41,1.36,Iris-versicolor
5.94,2.90,3.92,1.34,Iris-versicolor
6.89,2.29,3.95,1.41,Iris-versicolor
5.74,2.81,3.95,1.60,Iris-versicolor
5.13,3.08,4.54,1.17,Iris-versicolor
5.52,2.65,4.92,1.49,Iris-versicolor
5.05,2.57,3.67,1.47,Iris-versicolor
6.35,3.24,5.01,1.32,Iris-versicolor
6.37,2.90,3.21,1.61,Iris-versicolor
6.58,3.22,3.54,1.01,Iris-versicolor
5.27,2.39,4.78,1.77,Iris-versicolor
5.56,2.29,4.76,1.40,Iris-versicolor
5.60,3.29,4.04,1.21,Iris-versicolor
6.29,2.89,4.38,1.49,Iris-versicolor
6.83,3.15,3.41,1.35,Iris-versicolor
6.35,2.34,4.64,1.42,Iris-versicolor
5.33,3.47,4.54,1.35,Iris-versicolor
6.84,2.37,4.03,1.40,Iris-versicolor
6.10,3.22,3.31,1.54,Iris-versicolor
5.65,3.17,4.44,1.53,Iris-versicolor
6.30,2.68,4.30,1.52,Iris-versicolor
5.87,2.27,3.77,1.70,Iris-versicolor
6.82,2.42,3.01,1.02,Iris-versicolor
6.59,2.12,3.14,1.26,Iris-versicolor
6.24,2.60,4.09,1.00,Iris-versicolor
5.90,2.38,4.13,1.53,Iris-versicolor
6.47,3.31,4.00,1.44,Iris-versicolor
6.35,2.55,3.11,1.34,Iris-versicolor
5.27,2.54,3.24,1.76,Iris-versicolor
5.72,2.19,3.18,1.18,Iris-versicolor
6.03,2.66,4.90,1.58,Iris-versicolor
6.34,2.74,3.77,1.05,Iris-versicolor
5.08,3.00,4.72,1.61,Iris-versicolor
6.76,3.23,3.81,1.45,Iris-versicolor
5.78,2.17,4.06,1.29,Iris-versicolor
6.02,2.21,4.99,1.03,Iris-versicolor
6.76,2.06,3.80,1.39,Iris-versicolor
5.43,2.12,3.85,1.58,Iris-versicolor
6.49,3.32,5.06,1.23,Iris-versicolor
5.01,3.41,4.12,1.51,Iris-versicolor
6.52,3.12,3.37,1.73,Iris-versicolor
6.45,2.03,3.60,1.58,Iris-versicolor
6.74,2.07,3.14,1.08,Iris-versicolor
6.87,2.33,4.79,1.29,Iris-versicolor
5.89,3.49,4.34,1.73,Iris-versicolor
6.17,2.75,4.55,1.41,Iris-versicolor
5.51,2.14,4.08,1.64,Iris-versicolor
5.22,3.05,4.78,1.67,Iris-versicolor
5.89,3.31,3.83,1.64,Iris-versicolor
6.79,3.21,4.51,1.51,Iris-versicolor
6.97,2.62,5.08,1.40,Iris-versicolor
5.35,3.09,3.93,1.54,Iris-versicolor
5.78,2.77,4.20,1.11,Iris-versicolor
6.68,2.10,4.92,1.69,Iris-versicolor
6.51,2.70,3.87,1.73,Iris-versicolor
6.42,2.81,3.82,1.50,Iris-versicolor
5.58,3.29,4.64,1.37,Iris-versicolor
5.57,3.46,4.18,1.34,Iris-versicolor
5.00,3.23,3.44,1.80,Iris-versicolor
6.97,2.08,4.31,1.46,Iris-versicolor
5.30,2.91,3.54,1.43,Iris-versicolor
5.76,2.39,5.09,1.37,Iris-versicolor
6.27,2.86,5.04,1.28,Iris-versicolor
5.02,2.98,4.46,1.68,Iris-versicolor
5.93,3.11,4.48,1.37,Iris-versicolor
6.32,2.64,4.18,1.64,Iris-versicolor
6.82,3.01,3.21,1.62,Iris-versicolor
5.64,2.72,4.60,1.28,Iris-versicolor
5.14,2.40,3.64,1.27,Iris-versicolor
5.24,2.41,3.67,1.06,Iris-versicolor
6.76,3.00,4.70,1.48,Iris-versicolor
6.94,3.25,4.27,1.07,Iris-versicolor
6.68,2.83,3.82,1.68,Iris-versicolor
6.54,3.01,3.01,1.20,Iris-versicolor
6.94,2.45,3.20,1.11,Iris-versicolor
5.59,3.41,3.45,1.35,Iris-versicolor
6.54,3.31,3.62,1.24,Iris-versicolor
5.44,2.17,4.79,1.25,Iris-versicolor
5.38,2.77,3.26,1.75,Iris-versicolor
6.77,3.38,3.86,1.66,Iris-versicolor
6.84,2.72,4.94,1.45,Iris-versicolor
6.39,2.82,4.40,1.41,Iris-versicolor
5.88,2.57,4.10,1.10,Iris-versicolor
5.65,2.15,3.11,1.15,Iris-versicolor
6.42,3.44,3.88,1.49,Iris-versicolor
5.19,3.44,4.53,1.56,Iris-versicolor
5.82,2.55,3.31,1.49,Iris-versicolor
5.32,2.73,3.50,1.64,Iris-versicolor
5.17,2.22,4.20,1.71,Iris-versicolor
5.96,2.36,5.09,1.21,Iris-versicolor
6.28,2.86,4.49,1.28,Iris-versicolor
6.16,3.00,3.21,1.72,Iris-versicolor
5.08,2.26,3.81,1.10,Iris-versicolor
6.25,3.22,3.18,1.04,Iris-versicolor
5.29,2.43,4.86,1.31,Iris-versicolor
5.77,3.14,4.38,1.54,Iris-versicolor
5.05,2.35,3.63,1.22,Iris-versicolor
6.97,2.81,4.21,1.05,Iris-versicolor
5.39,2.69,3.67,1.10,Iris-versicolor
6.28,3.39,3.35,1.05,Iris-versicolor
6.34,2.67,4.28,1.56,Iris-versicolor
6.37,2.56,3.24,1.80,Iris-versicolor
6.35,2.94,3.14,1.18,Iris-versicolor
6.24,3.22,4.23,1.71,Iris-versicolor
5.89,2.51,4.17,1.34,Iris-versicolor
5.02,2.46,4.68,1.46,Iris-versicolor
6.14,2.96,5.01,1.64,Iris-versicolor
5.87,2.90,4.16,1.68,Iris-versicolor
6.21,2.79,4.25,1.70,Iris-versicolor
6.68,2.16,3.83,1.65,Iris-versicolor
5.16,3.28,3.82,1.20,Iris-versicolor
6.90,2.01,3.87,1.66,Iris-versicolor
5.10,2.03,3.68,1.40,Iris-versicolor
6.28,2.38,4.72,1.79,Iris-versicolor
6.64,2.28,3.07,1.29,Iris-versicolor
5.83,3.28,4.72,1.77,Iris-versicolor
6.06,2.97,4.29,1.69,Iris-versicolor
5.73,3.05,3.95,1.43,Iris-versicolor
6.32,2.84,5.07,1.05,Iris-versicolor
5.61,2.97,3.76,1.17,Iris-versicolor
6.44,2.26,3.82,1.60,Iris-versicolor
6.80,3.35,4.54,1.59,Iris-versicolor
6.29,2.41,4.75,1.29,Iris-versicolor
6.96,2.97,4.63,1.44,Iris-versicolor
6.29,2.76,4.27,1.52,Iris-versicolor
5.94,2.90,4.20,1.20,Iris-versicolor
6.13,3.09,3.31,1.10,Iris-versicolor
5.97,3.46,3.31,1.56,Iris-versicolor
6.98,2.90,4.87,1.21,Iris-versicolor
6.13,3.30,3.08,1.35,Iris-versicolor
6.24,2.12,4.88,1.72,Iris-versicolor
5.33,2.38,4.56,1.40,Iris-versicolor
6.49,2.72,3.74,1.34,Iris-versicolor
6.59,3.42,4.84,1.53,Iris-versicolor
6.39,2.41,3.62,1.46,Iris-versicolor
5.94,2.41,4.74,1.65,Iris-versicolor
6.49,3.32,3.19,1.01,Iris-versicolor
5.63,2.51,3.65,1.10,Iris-versicolor
6.51,3.44,4.22,1.08,Iris-versicolor
6.09,2.17,3.14,1.00,Iris-versicolor
6.10,2.15,4.82,1.22,Iris-versicolor
5.30,3.01,4.34,1.76,Iris-versicolor
6.70,3.25,3.43,1.10,Iris-versicolor
6.97,2.56,5.02,1.04,Iris-versicolor
5.38,2.63,3.92,1.13,Iris-versicolor
5.18,3.24,3.33,1.51,Iris-versicolor
5.47,3.24,4.99,1.51,Iris-versicolor
5.86,3.28,4.80,1.18,Iris-versicolor
5.59,3.13,3.18,1.06,Iris-versicolor
6.00,3.29,4.79,1.66,Iris-versicolor
5.21,3.14,4.01,1.31,Iris-versicolor
5.58,2.45,5.03,1.23,Iris-versicolor
5.10,3.25,4.72,1.48,Iris-versicolor
6.37,2.24,3.86,1.31,Iris-versicolor
5.89,3.22,4.75,1.49,Iris-versicolor
5.59,2.95,5.09,1.32,Iris-versicolor
6.12,2.99,4.56,1.54,Iris-versicolor
5.40,2.60,3.07,1.68,Iris-versicolor
5.97,2.66,3.61,1.23,Iris-versicolor
5.46,2.34,4.59,1.34,Iris-versicolor
5.07,2.74,3.25,1.59,Iris-versicolor
6.30,3.11,4.15,1.19,Iris-versicolor
5.53,2.26,3.46,1.56,Iris-versicolor
5.87,3.01,3.83,1.05,Iris-versicolor
5.71,2.12,4.20,1.25,Iris-versicolor
6.00,3.24,3.65,1.03,Iris-versicolor
6.69,3.19,3.66,1.62,Iris-versicolor
6.08,2.93,4.31,1.20,Iris-versicolor
6.06,2.63,3.01,1.45,Iris-versicolor
5.73,2.04,3.88,1.63,Iris-versicolor
6.13,2.66,4.67,1.37,Iris-versicolor
6.83,2.12,4.08,1.42,Iris-versicolor
5.90,3.18,4.42,1.23,Iris-versicolor
5.55,2.69,4.53,1.53,Iris-versicolor
5.01,2.10,5.08,1.73,Iris-versicolor
5.80,3.12,3.77,1.46,Iris-versicolor
6.16,2.48,4.99,1.72,Iris-versicolor
5.87,2.43,3.34,1.60,Iris-versicolor
6.96,3.24,4.81,1.75,Iris-versicolor
6.46,3.35,3.19,1.57,Iris-versicolor
6.90,3.17,3.46,1.68,Iris-versicolor
5.00,3.16,4.72,1.24,Iris-versicolor
5.35,3.28,5.05,1.79,Iris-versicolor
5.47,2.41,4.41,1.52,Iris-versicolor
5.14,3.45,4.11,1.00,Iris-versicolor
5.58,2.91,3.85,1.54,Iris-versicolor
6.86,3.33,3.78,1.44,Iris-versicolor
5.49,2.66,3.35,1.09,Iris-versicolor
5.30,2.38,3.70,1.36,Iris-versicolor
5.04,2.01,3.88,1.19,Iris-versicolor
6.15,2.56,4.84,1.06,Iris-versicolor
6.53,2.40,4.56,1.63,Iris-versicolor
5.44,3.17,5.02,1.25,Iris-versicolor
5.09,2.17,4.49,1.75,Iris-versicolor
6.82,2.58,3.69,1.17,Iris-versicolor
6.73,3.23,3.67,1.06,Iris-versicolor
6.19,3.20,3.55,1.03,Iris-versicolor
5.04,2.11,4.55,1.76,Iris-versicolor
5.66,2.01,3.48,1.57,Iris-versicolor
5.62,2.53,3.38,1.20,Iris-versicolor
5.48,2.98,4.85,1.42,Iris-versicolor
6.25,2.75,3.54,1.69,Iris-versicolor
6.97,2.77,3.72,1.48,Iris-versicolor
6.91,3.15,3.42,1.26,Iris-versicolor
5.86,3.34,4.65,1.67,Iris-versicolor
6.50,2.94,4.41,1.79,Iris-versicolor
6.27,2.10,4.46,1.75,Iris-versicolor
5.66,2.21,3.22,1.30,Iris-versicolor
5.68,2.09,3.80,1.67,Iris-versicolor
5.27,3.14,4.68,1.20,Iris-versicolor
6.13,2.33,4.08,1.70,Iris-versicolor
5.05,3.07,3.54,1.53,Iris-versicolor
6.94,2.88,4.85,1.17,Iris-versicolor
5.10,2.72,3.78,1.06,Iris-versicolor
5.27,3.26,4.21,1.36,Iris-versicolor
5.50,3.40,4.14,1.00,Iris-versicolor
6.82,2.58,3.62,1.46,Iris-versicolor
5.89,2.24,4.79,1.02,Iris-versicolor
5.87,3.40,4.07,1.38,Iris-versicolor
5.34,2.08,4.59,1.06,Iris-versicolor
6.07,2.76,4.32,1.69,Iris-versicolor
5.13,2.30,3.14,1.27,Iris-versicolor
6.15,3.27,4.04,1.15,Iris-versicolor
5.96,2.97,3.15,1.04,Iris-versicolor
6.97,2.79,4.56,1.71,Iris-versicolor
5.18,2.81,3.25,1.16,Iris-versicolor
5.07,2.60,4.93,1.16,Iris-versicolor
6.42,3.13,3.08,1.76,Iris-versicolor
6.11,2.05,3.82,1.15,Iris-versicolor
6.47,3.49,3.25,1.78,Iris-versicolor
6.40,2.55,3.86,1.77,Iris-versicolor
6.51,3.47,4.39,1.37,Iris-versicolor
6.89,3.10,4.92,1.72,Iris-versicolor
5.71,3.15,3.43,1.09,Iris-versicolor
6.89,3.33,4.80,1.50,Iris-versicolor
5.32,2.21,3.01,1.43,Iris-versicolor
6.73,3.18,3.38,1.04,Iris-versicolor
6.08,3.23,3.76,1.04,Iris-versicolor
5.77,2.37,4.69,1.39,Iris-versicolor
6.30,3.33,4.78,1.25,Iris-versicolor
5.99,3.02,3.21,1.71,Iris-versicolor
6.34,2.72,4.16,1.64,Iris-versicolor
6.38,2.85,4.69,1.54,Iris-versicolor
5.75,3.41,4.89,1.67,Iris-versicolor
5.64,2.52,3.80,1.47,Iris-versicolor
5.99,3.18,4.35,1.43,Iris-versicolor
5.11,3.35,3.37,1.48,Iris-versicolor
5.82,2.34,3.16,1.16,Iris-versicolor
6.68,3.25,5.03,1.75,Iris-versicolor
5.37,2.21,4.32,1.62,Iris-versicolor
6.50,2.26,4.49,1.40,Iris-versicolor
6.98,2.95,3.63,1.37,Iris-versicolor
6.21,2.31,4.27,1.38,Iris-versicolor
5.74,3.09,4.39,1.55,Iris-versicolor
5.62,2.89,4.61,1.63,Iris-versicolor
6.96,3.07,3.77,1.71,Iris-versicolor
5.34,2.03,3.26,1.52,Iris-versicolor
6.34,2.30,3.78,1.74,Iris-versicolor
6.63,3.34,3.71,1.44,Iris-versicolor
5.19,3.46,3.77,1.02,Iris-versicolor
5.69,3.48,4.85,1.23,Iris-versicolor
5.41,2.18,3.04,1.47,Iris-versicolor
6.64,3.48,4.09,1.66,Iris-versicolor
5.65,2.15,3.32,1.15,Iris-versicolor
5.73,2.42,4.85,1.18,Iris-versicolor
6.23,3.01,4.87,1.59,Iris-versicolor
5.68,2.81,4.85,1.77,Iris-versicolor
5.31,3.22,3.74,1.48,Iris-versicolor
5.81,3.39,3.15,1.14,Iris-versicolor
5.06,2.26,4.16,1.80,Iris-versicolor
5.99,3.34,3.67,1.66,Iris-versicolor
6.93,2.92,3.94,1.08,Iris-versicolor
6.88,3.43,3.65,1.61,Iris-versicolor
6.16,3.23,3.80,1.60,Iris-versicolor
5.54,3.41,4.63,1.11,Iris-versicolor
5.41,2.25,3.78,1.38,Iris-versicolor
5.99,2.85,4.08,1.65,Iris-versicolor
6.70,2.34,4.87,1.32,Iris-versicolor
6.70,2.49,3.94,1.39,Iris-versicolor
6.59,2.95,3.43,1.18,Iris-versicolor
5.51,2.05,4.03,1.63,Iris-versicolor
6.68,2.31,3.76,1.18,Iris-versicolor
5.21,2.90,4.77,1.51,Iris-versicolor
5.52,2.78,3.79,1.13,Iris-versicolor
5.02,3.09,4.97,1.42,Iris-versicolor
6.82,2.53,3.58,1.27,Iris-versicolor
6.33,3.12,3.69,1.40,Iris-versicolor
5.23,2.94,5.00,1.27,Iris-versicolor
6.99,3.11,3.21,1.04,Iris-versicolor
5.45,3.33,3.14,1.12,Iris-versicolor
5.28,2.89,4.24,1.21,Iris-versicolor
6.98,2.57,3.93,1.57,Iris-versicolor
5.17,3.09,4.34,1.60,Iris-versicolor
5.32,2.36,4.33,1.01,Iris-versicolor
6.78,2.94,4.03,1.27,Iris-versicolor
6.91,2.51,4.42,1.27,Iris-versicolor
6.69,2.53,3.31,1.46,Iris-versicolor
5.48,3.42,3.38,1.30,Iris-versicolor
7.00,3.09,4.81,1.32,Iris-versicolor
6.31,2.14,3.51,1.13,Iris-versicolor
6.89,3.30,4.83,1.53,Iris-versicolor
5.02,2.45,4.84,1.05,Iris-versicolor
6.54,2.33,4.62,1.18,Iris-versicolor
6.22,2.36,4.98,1.29,Iris-versicolor
5.93,2.51,3.12,1.75,Iris-versicolor
5.88,2.37,4.59,1.09,Iris-versicolor
5.80,3.41,4.35,1.53,Iris-versicolor
5.59,3.34,4.75,1.27,Iris-versicolor
6.01,2.14,4.11,1.11,Iris-versicolor
5.60,2.11,4.04,1.56,Iris-versicolor
5.50,2.86,4.76,1.30,Iris-versicolor
5.90,2.26,3.61,1.15,Iris-versicolor
6.42,3.00,4.91,1.67,Iris-versicolor
5.05,2.58,3.87,1.50,Iris-versicolor
5.38,3.45,3.38,1.57,Iris-versicolor
5.24,2.36,4.34,1.69,Iris-versicolor
5.32,2.04,3.07,1.71,Iris-versicolor
6.13,3.22,3.75,1.76,Iris-versicolor
6.25,3.22,4.82,1.34,Iris-versicolor
6.92,2.49,4.76,1.66,Iris-versicolor
5.13,2.58,3.03,1.69,Iris-versicolor
6.44,3.49,4.65,1.11,Iris-versicolor
6.16,2.33,3.69,1.32,Iris-versicolor
5.45,2.50,4.48,1.31,Iris-versicolor
6.81,2.21,4.08,1.72,Iris-versicolor
5.99,2.55,4.63,1.26,Iris-versicolor
5.86,3.03,4.11,1.21,Iris-versicolor
5.12,2.58,3.41,1.37,Iris-versicolor
5.73,2.74,4.42,1.44,Iris-versicolor
6.77,2.28,3.43,1.09,Iris-versicolor
6.42,3.44,3.32,1.07,Iris-versicolor
5.98,3.45,3.47,1.12,Iris-versicolor
6.33,2.33,3.45,1.07,Iris-versicolor
6.41,2.48,4.75,1.46,Iris-versicolor
6.18,2.47,3.49,1.71,Iris-versicolor
6.30,2.00,4.18,1.46,Iris-versicolor
6.51,2.03,3.49,1.55,Iris-versicolor
6.75,2.51,4.35,1.51,Iris-versicolor
5.79,3.04,4.58,1.21,Iris-versicolor
6.55,2.83,3.55,1.56,Iris-versicolor
6.71,2.16,3.31,1.18,Iris-versicolor
6.40,2.52,5.01,1.63,Iris-versicolor
6.62,2.37,4.21,1.60,Iris-versicolor
5.80,2.68,3.28,1.26,Iris-versicolor
6.76,2.54,3.74,1.66,Iris-versicolor
6.31,2.13,4.93,1.11,Iris-versicolor
5.27,3.23,3.84,1.34,Iris-versicolor
5.66,2.71,4.65,1.77,Iris-versicolor
5.45,2.98,3.02,1.08,Iris-versicolor
5.26,3.26,4.49,1.59,Iris-versicolor
5.44,3.09,3.15,1.13,Iris-versicolor
6.63,2.86,4.50,1.12,Iris-versicolor
5.76,3.29,4.16,1.09,Iris-versicolor
6.36,2.82,3.26,1.28,Iris-versicolor
5.84,2.82,4.81,1.12,Iris-versicolor
5.98,2.88,4.92,1.34,Iris-versicolor
6.92,3.40,3.72,1.78,Iris-versicolor
5.53,3.15,4.86,1.33,Iris-versicolor
5.56,2.32,3.29,1.05,Iris-versicolor
6.07,3.46,4.25,1.60,Iris-versicolor
6.12,3.02,3.01,1.25,Iris-versicolor
6.96,3.25,3.67,1.39,Iris-versicolor
5.43,2.06,5.09,1.39,Iris-versicolor
6.18,2.12,3.85,1.57,Iris-versicolor
6.98,3.04,5.00,1.15,Iris-versicolor
6.50,3.24,4.69,1.70,Iris-versicolor
6.82,2.25,3.62,1.00,Iris-versicolor
6.77,2.64,4.49,1.10,Iris-versicolor
5.73,3.30,4.18,1.06,Iris-versicolor
6.09,3.21,4.04,1.59,Iris-versicolor
6.50,3.24,4.29,1.42,Iris-versicolor
5.27,2.76,3.92,1.27,Iris-versicolor
6.15,2.17,4.16,1.11,Iris-versicolor
6.15,3.20,4.89,1.27,Iris-versicolor
6.82,2.14,4.40,1.27,Iris-versicolor
6.33,2.89,5.04,1.01,Iris-versicolor
6.18,3.05,3.07,1.45,Iris-versicolor
6.89,2.09,4.53,1.72,Iris-versicolor
6.08,2.66,4.22,1.23,Iris-versicolor
5.50,2.15,4.24,1.53,Iris-versicolor
5.30,3.10,4.46,1.31,Iris-versicolor
5.67,2.22,4.11,1.37,Iris-versicolor
6.15,3.18,4.44,1.60,Iris-versicolor
5.46,3.40,5.00,1.41,Iris-versicolor
5.65,2.42,4.55,1.12,Iris-versicolor
5.33,2.27,4.37,1.32,Iris-versicolor
6.29,2.50,3.31,1.63,Iris-versicolor
5.66,2.52,3.26,1.20,Iris-versicolor
5.81,2.99,4.92,1.11,Iris-versicolor
6.42,3.40,3.04,1.77,Iris-versicolor
6.22,3.33,3.16,1.77,Iris-versicolor
6.52,3.34,4.50,1.01,Iris-versicolor
6.38,2.55,3.60,1.42,Iris-versicolor
6.51,2.32,3.31,1.36,Iris-versicolor
5.40,2.04,4.16,1.36,Iris-versicolor
6.98,3.17,3.97,1.25,Iris-versicolor
6.22,2.14,3.31,1.72,Iris-versicolor
5.40,3.38,3.06,1.33,Iris-versicolor
5.54,2.99,3.15,1.59,Iris-versicolor
6.68,2.53,5.05,1.19,Iris-versicolor
6.51,2.72,4.29,1.76,Iris-versicolor
5.34,2.69,3.57,1.40,Iris-versicolor
5.36,2.77,4.88,1.54,Iris-versicolor
5.45,2.05,5.00,1.39,Iris-versicolor
5.41,3.45,3.84,1.29,Iris-versicolor
5.23,3.37,3.15,1.27,Iris-versicolor
6.53,3.48,4.87,1.06,Iris-versicolor
5.47,2.44,4.00,1.60,Iris-versicolor
6.57,2.37,3.56,1.68,Iris-versicolor
5.78,2.66,3.97,1.78,Iris-versicolor
5.87,3.37,3.43,1.55,Iris-versicolor
6.69,2.25,4.84,1.70,Iris-versicolor
6.27,3.44,4.35,1.47,Iris-versicolor
6.64,2.68,3.76,1.40,Iris-versicolor
6.77,3.05,3.97,1.58,Iris-versicolor
6.93,3.13,4.28,1.38,Iris-versicolor
6.34,3.44,4.96,1.45,Iris-versicolor
6.57,2.20,5.02,1.11,Iris-versicolor
6.86,2.57,4.68,1.55,Iris-versicolor
5.30,2.36,4.50,1.20,Iris-versicolor
5.83,3.08,5.07,1.37,Iris-versicolor
5.46,2.92,4.82,1.42,Iris-versicolor
6.83,2.09,3.83,1.71,Iris-versicolor
6.18,3.47,3.63,1.54,Iris-versicolor
6.30,2.67,3.52,1.32,Iris-versicolor
5.48,2.75,4.15,1.34,Iris-versicolor
5.59,2.37,4.86,1.12,Iris-versicolor
6.69,2.10,4.30,1.49,Iris-versicolor
5.98,2.42,3.18,1.23,Iris-versicolor
6.06,2.24,4.32,1.57,Iris-versicolor
6.55,2.86,3.45,1.19,Iris-versicolor
6.56,3.36,3.29,1.05,Iris-versicolor
5.53,2.24,4.69,1.75,Iris-versicolor
5.99,2.34,3.91,1.61,Iris-versicolor
6.18,2.64,3.86,1.39,Iris-versicolor
5.51,2.51,3.43,1.77,Iris-versicolor
6.61,3.24,4.69,1.64,Iris-versicolor
5.36,3.41,3.72,1.06,Iris-versicolor
5.80,3.47,4.70,1.11,Iris-versicolor
5.17,3.19,4.57,1.13,Iris-versicolor
6.14,2.75,3.95,1.45,Iris-versicolor
6.57,3.05,4.00,1.29,Iris-versicolor
5.61,2.12,3.33,1.69,Iris-versicolor
6.39,3.35,4.11,1.23,Iris-versicolor
5.27,2.96,3.24,1.21,Iris-versicolor
5.29,2.68,3.31,1.59,Iris-versicolor
5.84,2.86,3.39,1.06,Iris-versicolor
5.05,2.29,3.92,1.77,Iris-versicolor
6.15,2.64,4.78,1.22,Iris-versicolor
6.37,2.40,4.32,1.47,Iris-versicolor
6.31,2.76,3.19,1.25,Iris-versicolor
5.39,2.45,3.75,1.65,Iris-versicolor
5.33,2.47,3.60,1.71,Iris-versicolor
5.79,3.15,4.52,1.33,Iris-versicolor
5.04,3.07,3.89,1.38,Iris-versicolor
5.74,2.20,3.13,1.67,Iris-versicolor
6.97,2.43,3.44,1.57,Iris-versicolor
5.49,3.12,4.32,1.21,Iris-versicolor
5.19,2.46,5.00,1.10,Iris-versicolor
5.81,2.95,4.41,1.44,Iris-versicolor
6.69,2.32,3.55,1.46,Iris-versicolor
6.27,2.95,4.25,1.25,Iris-versicolor
5.20,2.87,4.89,1.49,Iris-versicolor
6.39,2.79,3.33,1.49,Iris-versicolor
5.25,3.35,3.79,1.37,Iris-versicolor
5.64,2.23,4.94,1.00,Iris-versicolor
5.16,3.16,3.27,1.30,Iris-versicolor
6.55,2.86,3.86,1.03,Iris-versicolor
6.87,2.32,3.72,1.60,Iris-versicolor
5.60,3.25,4.46,1.16,Iris-versicolor
6.36,2.36,4.61,1.71,Iris-versicolor
5.34,3.32,3.69,1.02,Iris-versicolor
5.33,3.39,3.18,1.47,Iris-versicolor
5.45,3.06,4.85,1.01,Iris-versicolor
5.18,2.83,4.53,1.71,Iris-versicolor
6.95,3.04,4.03,1.28,Iris-versicolor
6.76,2.96,3.20,1.46,Iris-versicolor
6.56,3.24,3.39,1.54,Iris-versicolor
6.06,3.36,4.43,1.23,Iris-versicolor
6.30,2.34,4.81,1.26,Iris-versicolor
6.17,2.63,4.10,1.37,Iris-versicolor
6.14,2.10,3.48,1.77,Iris-versicolor
6.82,2.82,4.96,1.21,Iris-versicolor
6.18,2.03,3.11,1.30,Iris-versicolor
6.73,2.75,4.05,1.27,Iris-versicolor
6.88,2.94,4.10,1.63,Iris-versicolor
5.13,2.70,4.60,1.08,Iris-versicolor
6.84,2.44,4.31,1.13,Iris-versicolor
6.73,3.05,3.17,1.59,Iris-versicolor
5.77,3.29,4.56,1.20,Iris-versicolor
5.27,2.12,4.30,1.19,Iris-versicolor
5.05,3.27,5.03,1.27,Iris-versicolor
5.31,3.41,3.81,1.14,Iris-versicolor
6.66,3.33,4.66,1.71,Iris-versicolor
6.03,2.39,4.75,1.76,Iris-versicolor
5.62,3.43,3.39,1.60,Iris-versicolor
5.89,2.64,3.89,1.57,Iris-versicolor
5.97,2.59,3.40,1.33,Iris-versicolor
6.92,2.40,3.36,1.27,Iris-versicolor
6.41,3.20,4.24,1.40,Iris-versicolor
6.35,3.46,3.15,1.75,Iris-versicolor
6.34,2.47,3.52,1.50,Iris-versicolor
5.57,2.16,4.84,1.77,Iris-versicolor
5.87,3.36,3.40,1.17,Iris-versicolor
6.91,3.42,4.58,1.69,Iris-versicolor
5.18,3.00,4.11,1.66,Iris-versicolor
5.36,3.06,4.27,1.56,Iris-versicolor
5.95,2.20,4.61,1.20,Iris-versicolor
6.72,2.63,3.57,1.30,Iris-versicolor
5.27,2.40,3.30,1.28,Iris-versicolor
6.26,2.89,4.64,1.24,Iris-versicolor
5.58,2.91,5.09,1.19,Iris-versicolor
6.28,3.33,3.73,1.47,Iris-versicolor
6.33,2.92,3.69,1.54,Iris-versicolor
5.93,2.54,4.92,1.15,Iris-versicolor
5.60,2.44,3.20,1.28,Iris-versicolor
6.44,2.25,3.61,1.47,Iris-versicolor
6.56,2.95,4.70,1.50,Iris-versicolor
6.05,2.90,3.61,1.70,Iris-versicolor
6.09,2.69,4.17,1.01,Iris-versicolor
5.21,3.46,3.79,1.24,Iris-versicolor
5.13,2.92,4.04,1.12,Iris-versicolor
6.81,3.06,4.38,1.58,Iris-versicolor
5.35,3.12,3.86,1.32,Iris-versicolor
5.33,2.87,3.83,1.50,Iris-versicolor
6.68,3.45,5.00,1.10,Iris-versicolor
6.69,2.10,3.52,1.24,Iris-versicolor
5.15,2.35,4.15,1.21,Iris-versicolor
5.47,2.24,4.85,1.56,Iris-versicolor
6.77,2.33,3.39,1.70,Iris-versicolor
6.48,2.24,4.71,1.77,Iris-versicolor
5.64,2.01,4.19,1.50,Iris-versicolor
6.24,2.40,4.05,1.38,Iris-versicolor
5.34,3.24,3.49,1.50,Iris-versicolor
6.44,2.06,3.09,1.15,Iris-versicolor
6.58,3.15,4.55,1.60,Iris-versicolor
5.87,3.42,3.24,1.28,Iris-versicolor
5.12,2.25,3.04,1.51,Iris-versicolor
5.81,3.06,4.87,1.05,Iris-versicolor
6.17,3.45,3.88,1.76,Iris-versicolor
6.65,2.03,3.14,1.16,Iris-versicolor
6.03,2.64,3.16,1.31,Iris-versicolor
5.43,3.38,3.78,1.44,Iris-versicolor
6.31,3.36,4.33,1.65,Iris-versicolor
5.12,3.45,3.11,1.33,Iris-versicolor
6.53,2.93,4.05,1.26,Iris-versicolor
6.63,3.23,3.53,1.69,Iris-versicolor
5.30,2.68,3.20,1.12,Iris-versicolor
6.90,2.03,3.58,1.28,Iris-versicolor
6.98,2.74,4.58,1.58,Iris-versicolor
5.39,2.05,3.38,1.49,Iris-versicolor
5.06,3.01,3.74,1.26,Iris-versicolor
5.31,3.25,3.37,1.60,Iris-versicolor
5.98,2.97,4.55,1.09,Iris-versicolor
6.68,2.91,4.54,1.14,Iris-versicolor
5.84,2.07,4.00,1.35,Iris-versicolor
6.77,2.51,3.89,1.52,Iris-versicolor
6.64,2.62,4.43,1.64,Iris-versicolor
6.00,2.57,4.90,1.57,Iris-versicolor
5.38,3.04,4.59,1.64,Iris-versicolor
5.77,2.35,4.09,1.15,Iris-versicolor
5.87,2.03,3.74,1.76,Iris-versicolor
5.24,2.32,4.02,1.36,Iris-versicolor
5.50,2.16,5.08,1.19,Iris-versicolor
6.73,2.93,4.27,1.73,Iris-versicolor
5.65,2.84,3.01,1.60,Iris-versicolor
5.65,2.99,4.96,1.49,Iris-versicolor
5.28,3.36,4.71,1.63,Iris-versicolor
5.50,2.40,4.99,1.04,Iris-versicolor
5.22,2.24,4.48,1.17,Iris-versicolor
5.13,2.71,3.16,1.49,Iris-versicolor
5.62,2.19,4.21,1.11,Iris-versicolor
5.58,2.09,4.26,1.16,Iris-versicolor
5.32,3.44,3.84,1.77,Iris-versicolor
6.72,2.86,3.72,1.74,Iris-versicolor
6.33,2.74,3.55,1.39,Iris-versicolor
6.11,2.05,4.48,1.80,Iris-versicolor
5.38,2.58,3.66,1.56,Iris-versicolor
5.26,3.24,4.74,1.12,Iris-versicolor
6.65,2.39,5.04,1.15,Iris-versicolor
6.58,2.93,3.08,1.20,Iris-versicolor
6.63,2.21,3.31,1.53,Iris-versicolor
5.39,2.49,4.80,1.68,Iris-versicolor
6.28,2.05,3.96,1.56,Iris-versicolor
5.22,2.72,3.37,1.01,Iris-versicolor
6.30,2.70,4.18,1.63,Iris-versicolor
5.66,2.69,3.90,1.39,Iris-versicolor
5.90,2.21,3.40,1.35,Iris-versicolor
6.16,2.76,4.77,1.11,Iris-versicolor
5.68,2.37,3.98,1.61,Iris-versicolor
5.93,2.66,3.19,1.15,Iris-versicolor
6.12,3.48,4.08,1.71,Iris-versicolor
6.35,2.72,5.01,1.59,Iris-versicolor
5.24,2.44,4.31,1.73,Iris-versicolor
5.02,3.06,4.63,1.48,Iris-versicolor
5.95,3.43,3.63,1.50,Iris-versicolor
5.08,3.29,4.76,1.16,Iris-versicolor
5.69,2.68,3.10,1.73,Iris-versicolor
5.50,3.09,3.01,1.43,Iris-versicolor
5.73,2.50,4.47,1.48,Iris-versicolor
5.38,2.30,3.22,1.02,Iris-versicolor
5.99,3.41,4.42,1.23,Iris-versicolor
6.78,3.05,3.15,1.66,Iris-versicolor
5.51,3.09,3.88,1.23,Iris-versicolor
6.05,3.11,4.50,1.17,Iris-versicolor
5.45,2.78,4.89,1.67,Iris-versicolor
5.41,2.94,4.32,1.63,Iris-versicolor
5.96,2.79,3.10,1.10,Iris-versicolor
5.45,2.97,4.49,1.53,Iris-versicolor
6.62,3.30,3.69,1.63,Iris-versicolor
5.59,2.45,3.38,1.03,Iris-versicolor
6.72,3.34,5.01,1.74,Iris-versicolor
5.99,2.52,3.30,1.65,Iris-versicolor
6.34,3.11,3.85,1.72,Iris-versicolor
6.94,3.05,3.11,1.70,Iris-versicolor
5.24,3.05,3.48,1.29,Iris-versicolor
6.37,2.84,4.36,1.40,Iris-versicolor
5.66,2.65,3.66,1.17,Iris-versicolor
6.42,2.34,3.46,1.77,Iris-versicolor
5.07,2.16,3.30,1.47,Iris-versicolor
6.58,2.68,3.46,1.09,Iris-versicolor
5.78,3.48,4.36,1.74,Iris-versicolor
5.60,2.61,4.33,1.56,Iris-versicolor
6.68,2.08,4.49,1.74,Iris-versicolor
6.53,2.68,4.35,1.57,Iris-versicolor
6.91,2.99,3.92,1.58,Iris-versicolor
6.05,2.66,3.86,1.63,Iris-versicolor
5.69,2.48,4.61,1.48,Iris-versicolor
5.52,2.25,3.24,1.55,Iris-versicolor
5.20,2.24,5.00,1.26,Iris-versicolor
5.98,2.23,4.02,1.36,Iris-versicolor
5.66,2.88,3.23,1.49,Iris-versicolor
5.34,3.50,4.12,1.25,Iris-versicolor
6.58,2.29,4.63,1.41,Iris-versicolor
5.15,3.28,3.37,1.01,Iris-versicolor
6.26,2.07,3.39,1.48,Iris-versicolor
6.16,3.30,5.04,1.60,Iris-versicolor
6.56,3.11,4.56,1.26,Iris-versicolor
6.96,2.85,3.39,1.80,Iris-versicolor
5.98,3.49,4.76,1.76,Iris-versicolor
6.11,2.88,4.73,1.01,Iris-versicolor
5.08,2.89,3.21,1.62,Iris-versicolor
6.80,2.27,4.04,1.46,Iris-versicolor
6.32,3.44,4.23,1.61,Iris-versicolor
5.64,2.62,3.21,1.38,Iris-versicolor
5.28,3.06,4.19,1.52,Iris-versicolor
5.58,3.49,4.57,1.53,Iris-versicolor
6.41,3.30,5.05,1.12,Iris-versicolor
5.51,2.27,3.97,1.15,Iris-versicolor
5.24,3.17,4.23,1.74,Iris-versicolor
5.54,2.18,4.03,1.16,Iris-versicolor
5.15,3.04,3.99,1.29,Iris-versicolor
5.61,2.96,3.74,1.62,Iris-versicolor
5.74,2.96,3.95,1.21,Iris-versicolor
5.27,2.49,4.84,1.18,Iris-versicolor
5.82,2.22,3.85,1.18,Iris-versicolor
5.44,2.60,4.84,1.18,Iris-versicolor
6.99,3.25,4.54,1.03,Iris-versicolor
6.92,3.12,3.60,1.01,Iris-versicolor
6.12,3.35,3.93,1.38,Iris-versicolor
5.36,2.08,4.68,1.13,Iris-versicolor
5.28,2.14,3.95,1.39,Iris-versicolor
6.68,3.49,3.82,1.07,Iris-versicolor
6.77,3.17,3.38,1.28,Iris-versicolor
5.50,3.32,3.56,1.05,Iris-versicolor
6.67,3.44,4.26,1.39,Iris-versicolor
5.50,2.25,3.22,1.28,Iris-versicolor
5.52,2.82,3.38,1.04,Iris-versicolor
5.49,3.19,4.37,1.75,Iris-versicolor
6.64,2.35,3.96,1.25,Iris-versicolor
6.95,2.38,5.09,1.68,Iris-versicolor
5.64,2.97,3.36,1.44,Iris-versicolor
5.84,3.25,3.28,1.77,Iris-versicolor
6.69,3.09,3.41,1.03,Iris-versicolor
5.44,2.64,4.29,1.75,Iris-versicolor
5.94,2.75,4.49,1.13,Iris-versicolor
6.08,3.30,3.84,1.48,Iris-versicolor
6.95,3.04,3.60,1.79,Iris-versicolor
5.51,3.09,3.48,1.75,Iris-versicolor
5.21,3.19,4.97,1.44,Iris-versicolor
6.63,3.37,3.14,1.46,Iris-versicolor
5.77,2.91,3.44,1.69,Iris-versicolor
5.51,2.98,4.10,1.15,Iris-versicolor
6.14,2.48,4.88,1.38,Iris-versicolor
5.37,2.90,3.52,1.40,Iris-versicolor
5.23,3.03,5.06,1.65,Iris-versicolor
6.37,2.23,4.44,1.53,Iris-versicolor
5.76,3.22,4.79,1.74,Iris-versicolor
5.96,2.44,4.66,1.17,Iris-versicolor
5.71,3.01,4.97,1.14,Iris-versicolor
6.66,2.71,3.93,1.69,Iris-versicolor
5.33,2.48,3.47,1.05,Iris-versicolor
6.89,2.52,4.57,1.64,Iris-versicolor
6.35,2.61,3.81,1.21,Iris-versicolor
6.89,2.67,4.06,1.33,Iris-versicolor
6.70,2.84,4.04,1.39,Iris-versicolor
6.24,2.03,3.91,1.33,Iris-versicolor
6.57,2.95,4.00,1.62,Iris-versicolor
6.02,2.98,5.03,1.68,Iris-versicolor
6.12,3.31,4.61,1.30,Iris-versicolor
5.17,2.73,4.55,1.49,Iris-versicolor
5.51,2.94,5.01,1.21,Iris-versicolor
5.13,3.45,3.17,1.12,Iris-versicolor
6.64,2.12,3.57,1.74,Iris-versicolor
5.15,2.87,3.15,1.57,Iris-versicolor
6.43,2.08,3.35,1.09,Iris-versicolor
5.47,2.03,3.06,1.30,Iris-versicolor
5.80,3.48,4.01,1.45,Iris-versicolor
5.88,2.90,4.04,1.35,Iris-versicolor
5.20,2.89,4.78,1.63,Iris-versicolor
5.58,2.05,3.09,1.11,Iris-versicolor
6.02,3.18,3.60,1.54,Iris-versicolor
5.01,3.17,4.10,1.57,Iris-versicolor
5.60,3.30,3.59,1.34,Iris-versicolor
6.70,2.87,4.07,1.19,Iris-versicolor
6.23,2.14,4.42,1.74,Iris-versicolor
6.49,3.43,3.26,1.64,Iris-versicolor
6.74,2.17,3.41,1.56,Iris-versicolor
5.45,3.07,4.00,1.75,Iris-versicolor
6.20,3.35,4.05,1.08,Iris-versicolor
6.74,3.19,3.78,1.30,Iris-versicolor
5.36,2.19,5.06,1.15,Iris-versicolor
6.68,3.46,3.16,1.42,Iris-versicolor
6.17,2.20,4.64,1.55,Iris-versicolor
5.46,2.35,3.55,1.15,Iris-versicolor
6.17,3.46,4.51,1.64,Iris-versicolor
5.53,3.28,3.84,1.47,Iris-versicolor
5.07,2.22,3.16,1.66,Iris-versicolor
6.24,2.80,3.54,1.43,Iris-versicolor
5.16,3.47,4.04,1.69,Iris-versicolor
5.78,2.13,3.57,1.32,Iris-versicolor
6.15,3.25,3.77,1.04,Iris-versicolor
5.87,2.72,4.98,1.21,Iris-versicolor
6.82,2.77,4.09,1.14,Iris-versicolor
5.40,2.54,4.01,1.12,Iris-versicolor
5.14,2.99,3.08,1.33,Iris-versicolor
5.35,2.34,3.87,1.57,Iris-versicolor
6.42,3.42,4.17,1.63,Iris-versicolor
6.28,3.43,4.87,1.20,Iris-versicolor
5.84,2.44,3.79,1.33,Iris-versicolor
5.65,2.47,4.67,1.14,Iris-versicolor
6.21,2.79,3.31,1.59,Iris-versicolor
5.27,3.06,3.05,1.35,Iris-versicolor
6.18,2.30,3.28,1.20,Iris-versicolor
5.21,2.40,3.97,1.14,Iris-versicolor
6.66,2.58,3.26,1.35,Iris-versicolor
5.38,3.42,4.14,1.01,Iris-versicolor
5.85,3.18,4.34,1.74,Iris-versicolor
6.16,2.62,3.90,1.29,Iris-versicolor
5.58,2.60,4.97,1.08,Iris-versicolor
6.25,3.12,3.37,1.72,Iris-versicolor
6.28,2.85,5.02,1.52,Iris-versicolor
6.22,2.43,3.89,1.17,Iris-versicolor
6.32,2.40,3.60,1.64,Iris-versicolor
6.80,2.22,4.12,1.63,Iris-versicolor
6.15,3.22,4.31,1.14,Iris-versicolor
5.42,2.32,3.25,1.28,Iris-versicolor
5.85,2.63,4.14,1.48,Iris-versicolor
5.15,3.06,3.87,1.01,Iris-versicolor
5.45,2.43,3.77,1.23,Iris-versicolor
6.44,2.78,3.08,1.53,Iris-versicolor
5.92,2.22,4.01,1.13,Iris-versicolor
6.77,2.01,4.99,1.57,Iris-versicolor
6.87,2.63,3.97,1.24,Iris-versicolor
5.77,3.34,4.44,1.80,Iris-versicolor
6.09,2.72,4.66,1.53,Iris-versicolor
5.79,2.74,3.55,1.49,Iris-versicolor
5.79,2.85,3.14,1.63,Iris-versicolor
6.51,2.58,3.57,1.60,Iris-versicolor
5.82,2.64,4.94,1.80,Iris-versicolor
6.61,2.39,5.09,1.03,Iris-versicolor
5.68,3.12,3.34,1.14,Iris-versicolor
6.00,2.85,4.44,1.72,Iris-versicolor
6.51,3.32,4.51,1.29,Iris-versicolor
6.73,2.29,3.58,1.56,Iris-versicolor
6.02,2.67,4.08,1.53,Iris-versicolor
5.06,2.47,3.24,1.07,Iris-versicolor
6.46,3.29,3.67,1.14,Iris-versicolor
5.74,2.08,4.29,1.43,Iris-versicolor
5.64,3.29,3.35,1.77,Iris-versicolor
6.05,3.14,4.71,1.02,Iris-versicolor
5.94,2.74,4.92,1.20,Iris-versicolor
5.62,3.33,3.50,1.35,Iris-versicolor
6.61,2.38,3.09,1.33,Iris-versicolor
6.62,3.29,4.30,1.80,Iris-versicolor
5.07,2.42,4.63,1.35,Iris-versicolor
5.23,2.59,3.68,1.03,Iris-versicolor
5.54,3.16,3.11,1.69,Iris-versicolor
6.16,2.20,4.17,1.54,Iris-versicolor
5.82,2.18,3.14,1.34,Iris-versicolor
5.99,2.97,4.41,1.26,Iris-versicolor
5.40,2.45,3.54,1.75,Iris-versicolor
6.06,2.04,3.39,1.04,Iris-versicolor
6.89,2.91,3.03,1.06,Iris-versicolor
5.86,3.11,3.66,1.27,Iris-versicolor
6.78,3.21,4.23,1.09,Iris-versicolor
6.56,2.65,3.22,1.51,Iris-versicolor
6.63,2.17,4.67,1.69,Iris-versicolor
6.50,3.23,4.11,1.57,Iris-versicolor
5.68,3.17,4.31,1.12,Iris-versicolor
5.48,3.30,3.21,1.68,Iris-versicolor
6.91,2.15,4.71,1.70,Iris-versicolor
6.64,3.45,4.69,1.24,Iris-versicolor
6.70,2.15,4.96,1.24,Iris-versicolor
5.58,3.10,4.10,1.48,Iris-versicolor
6.94,2.37,4.48,1.78,Iris-versicolor
6.75,2.86,3.40,1.44,Iris-versicolor
6.80,3.48,3.85,1.72,Iris-versicolor
5.65,2.48,3.64,1.06,Iris-versicolor
6.11,3.25,4.46,1.30,Iris-versicolor
5.85,2.73,4.32,1.14,Iris-versicolor
6.44,2.66,3.44,1.63,Iris-versicolor
6.39,3.30,3.32,1.65,Iris-versicolor
6.81,3.28,4.51,1.38,Iris-versicolor
5.60,2.99,4.39,1.27,Iris-versicolor
5.28,3.10,4.56,1.04,Iris-versicolor
5.91,2.45,3.95,1.63,Iris-versicolor
6.18,2.70,4.82,1.16,Iris-versicolor
6.59,2.95,3.21,1.20,Iris-versicolor
5.30,2.52,3.39,1.46,Iris-versicolor
6.10,2.23,3.60,1.02,Iris-versicolor
5.85,2.25,4.32,1.32,Iris-versicolor
5.91,2.66,3.17,1.28,Iris-versicolor
6.41,2.06,3.12,1.77,Iris-versicolor
6.58,2.07,3.40,1.79,Iris-versicolor
6.72,2.36,3.88,1.71,Iris-versicolor
6.84,2.56,3.20,1.57,Iris-versicolor
5.58,2.50,3.72,1.20,Iris-versicolor
5.47,2.59,3.11,1.52,Iris-versicolor
5.63,3.47,4.95,1.40,Iris-versicolor
5.87,2.28,3.86,1.13,Iris-versicolor
6.36,2.12,4.43,1.01,Iris-versicolor
5.88,3.04,4.45,1.28,Iris-versicolor
5.04,2.30,4.60,1.62,Iris-versicolor
5.94,2.23,3.88,1.54,Iris-versicolor
5.96,2.76,3.18,1.20,Iris-versicolor
5.07,2.05,4.28,1.15,Iris-versicolor
6.70,2.73,4.83,1.58,Iris-versicolor
6.79,2.85,3.90,1.27,Iris-versicolor
6.76,2.49,4.53,1.47,Iris-versicolor
5.38,2.21,3.92,1.27,Iris-versicolor
6.29,3.09,3.67,1.14,Iris-versicolor
5.70,2.13,3.80,1.51,Iris-versicolor
5.31,2.52,3.56,1.32,Iris-versicolor
5.91,3.02,4.12,1.70,Iris-versicolor
6.04,2.62,4.67,1.12,Iris-versicolor
5.34,2.72,5.01,1.33,Iris-versicolor
5.82,2.07,3.49,1.12,Iris-versicolor
5.86,2.18,3.55,1.37,Iris-versicolor
6.28,2.37,4.01,1.72,Iris-versicolor
5.91,2.49,4.40,1.02,Iris-versicolor
5.09,3.18,4.99,1.54,Iris-versicolor
6.66,3.18,4.00,1.49,Iris-versicolor
5.07,2.62,4.42,1.78,Iris-versicolor
6.43,2.04,3.66,1.15,Iris-versicolor
5.96,3.39,4.11,1.54,Iris-versicolor
5.77,2.82,4.33,1.65,Iris-versicolor
6.66,2.39,4.61,1.71,Iris-versicolor
6.37,3.15,3.88,1.06,Iris-versicolor
6.18,2.79,3.82,1.16,Iris-versicolor
5.27,2.94,3.22,1.12,Iris-versicolor
6.10,2.96,5.01,1.70,Iris-versicolor
6.41,3.26,3.11,1.09,Iris-versicolor
5.85,2.07,4.82,1.21,Iris-versicolor
6.12,2.16,3.39,1.70,Iris-versicolor
6.65,2.87,3.66,1.16,Iris-versicolor
5.46,3.34,4.26,1.74,Iris-versicolor
6.23,2.86,3.66,1.40,Iris-versicolor
5.16,2.77,3.49,1.38,Iris-versicolor
5.33,3.02,4.30,1.47,Iris-versicolor
6.93,2.84,4.98,1.07,Iris-versicolor
5.09,2.07,3.67,1.80,Iris-versicolor
5.90,2.15,4.10,1.48,Iris-versicolor
5.29,3.22,4.09,1.16,Iris-versicolor
5.16,3.46,4.22,1.79,Iris-versicolor
5.52,2.08,3.86,1.03,Iris-versicolor
5.90,2.37,3.53,1.43,Iris-versicolor
6.30,2.91,4.01,1.59,Iris-versicolor
5.18,3.01,3.36,1.35,Iris-versicolor
5.24,2.85,4.84,1.13,Iris-versicolor
6.02,2.79,3.49,1.50,Iris-versicolor
6.13,2.20,3.05,1.02,Iris-versicolor
6.59,2.65,5.08,1.42,Iris-versicolor
5.32,2.43,3.16,1.79,Iris-versicolor
6.31,3.31,4.61,1.07,Iris-versicolor
5.92,2.65,4.66,1.69,Iris-versicolor
6.72,2.72,4.75,1.09,Iris-versicolor
5.47,3.39,4.79,1.44,Iris-versicolor
5.69,2.67,3.38,1.70,Iris-versicolor
6.53,2.39,4.85,1.20,Iris-versicolor
6.05,2.82,4.72,1.44,Iris-versicolor
6.72,2.13,3.95,1.17,Iris-versicolor
6.23,2.90,4.14,1.73,Iris-versicolor
6.88,2.97,3.04,1.67,Iris-versicolor
6.76,2.63,4.37,1.15,Iris-versicolor
6.65,2.11,4.09,1.12,Iris-versicolor
5.36,2.80,3.13,1.27,Iris-versicolor
5.29,3.04,3.00,1.70,Iris-versicolor
5.59,2.44,4.61,1.73,Iris-versicolor
6.02,2.48,4.36,1.41,Iris-versicolor
6.59,2.07,4.35,1.17,Iris-versicolor
6.69,2.22,4.99,1.27,Iris-versicolor
5.92,2.85,4.99,1.49,Iris-versicolor
5.96,3.13,5.01,1.01,Iris-versicolor
6.13,3.43,3.32,1.10,Iris-versicolor
6.96,2.38,4.80,1.40,Iris-versicolor
6.02,2.81,4.76,1.51,Iris-versicolor
6.56,3.09,3.54,1.18,Iris-versicolor
6.13,3.03,4.75,1.25,Iris-versicolor
5.12,2.53,5.04,1.59,Iris-versicolor
6.58,2.67,4.84,1.12,Iris-versicolor
5.99,3.42,3.45,1.31,Iris-versicolor
5.68,2.66,3.81,1.58,Iris-versicolor
6.55,3.18,3.87,1.62,Iris-versicolor
