text,label
I enjoy reading books and learning new things.,English
The weather is beautiful today and I feel happy.,English
Technology drives progress and innovation in our society.,English
Programming is both challenging and rewarding.,English
Music and art inspire creativity and passion.,English
Traveling opens up new horizons and experiences.,English
Healthy food and exercise lead to a better life.,English
I love spending time with friends and family.,English
Education is the key to success in life.,English
Every day is a new opportunity to achieve greatness.,English
I enjoy reading books and learning new things.,English
The weather is beautiful today and I feel happy.,English
Technology drives progress and innovation in our society.,English
Programming is both challenging and rewarding.,English
Music and art inspire creativity and passion.,English
Traveling opens up new horizons and experiences.,English
Healthy food and exercise lead to a better life.,English
I love spending time with friends and family.,English
Education is the key to success in life.,English
Every day is a new opportunity to achieve greatness.,English
I enjoy reading books and learning new things.,English
The weather is beautiful today and I feel happy.,English
Technology drives progress and innovation in our society.,English
Programming is both challenging and rewarding.,English
Music and art inspire creativity and passion.,English
Traveling opens up new horizons and experiences.,English
Healthy food and exercise lead to a better life.,English
I love spending time with friends and family.,English
Education is the key to success in life.,English
Every day is a new opportunity to achieve greatness.,English
I enjoy reading books and learning new things.,English
The weather is beautiful today and I feel happy.,English
Technology drives progress and innovation in our society.,English
Programming is both challenging and rewarding.,English
Music and art inspire creativity and passion.,English
Traveling opens up new horizons and experiences.,English
Healthy food and exercise lead to a better life.,English
I love spending time with friends and family.,English
Education is the key to success in life.,English
Every day is a new opportunity to achieve greatness.,English
I enjoy reading books and learning new things.,English
The weather is beautiful today and I feel happy.,English
Technology drives progress and innovation in our society.,English
Programming is both challenging and rewarding.,English
Music and art inspire creativity and passion.,English
Traveling opens up new horizons and experiences.,English
Healthy food and exercise lead to a better life.,English
I love spending time with friends and family.,English
Education is the key to success in life.,English
Every day is a new opportunity to achieve greatness.,English
I enjoy reading books and learning new things.,English
The weather is beautiful today and I feel happy.,English
Technology drives progress and innovation in our society.,English
Programming is both challenging and rewarding.,English
Music and art inspire creativity and passion.,English
Traveling opens up new horizons and experiences.,English
Healthy food and exercise lead to a better life.,English
I love spending time with friends and family.,English
Education is the key to success in life.,English
Every day is a new opportunity to achieve greatness.,English
I enjoy reading books and learning new things.,English
The weather is beautiful today and I feel happy.,English
Technology drives progress and innovation in our society.,English
Programming is both challenging and rewarding.,English
Music and art inspire creativity and passion.,English
Traveling opens up new horizons and experiences.,English
Healthy food and exercise lead to a better life.,English
I love spending time with friends and family.,English
Education is the key to success in life.,English
Every day is a new opportunity to achieve greatness.,English
I enjoy reading books and learning new things.,English
The weather is beautiful today and I feel happy.,English
Technology drives progress and innovation in our society.,English
Programming is both challenging and rewarding.,English
Music and art inspire creativity and passion.,English
Traveling opens up new horizons and experiences.,English
Healthy food and exercise lead to a better life.,English
I love spending time with friends and family.,English
Education is the key to success in life.,English
Every day is a new opportunity to achieve greatness.,English
I enjoy reading books and learning new things.,English
The weather is beautiful today and I feel happy.,English
Technology drives progress and innovation in our society.,English
Programming is both challenging and rewarding.,English
Music and art inspire creativity and passion.,English
Traveling opens up new horizons and experiences.,English
Healthy food and exercise lead to a better life.,English
I love spending time with friends and family.,English
Education is the key to success in life.,English
Every day is a new opportunity to achieve greatness.,English
I enjoy reading books and learning new things.,English
The weather is beautiful today and I feel happy.,English
Technology drives progress and innovation in our society.,English
Programming is both challenging and rewarding.,English
Music and art inspire creativity and passion.,English
Traveling opens up new horizons and experiences.,English
Healthy food and exercise lead to a better life.,English
I love spending time with friends and family.,English
Education is the key to success in life.,English
Every day is a new opportunity to achieve greatness.,English
J'aime lire des livres et apprendre de nouvelles choses.,French
Le temps est magnifique aujourd'hui et je me sens heureux.,French
La technologie stimule le progrès et l'innovation dans notre société.,French
La programmation est à la fois difficile et gratifiante.,French
La musique et l'art inspirent la créativité et la passion.,French
Voyager ouvre de nouveaux horizons et expériences.,French
Une alimentation saine et l'exercice conduisent à une vie meilleure.,French
J'adore passer du temps avec mes amis et ma famille.,French
L'éducation est la clé du succès dans la vie.,French
Chaque jour est une nouvelle opportunité de réaliser de grandes choses.,French
J'aime lire des livres et apprendre de nouvelles choses.,French
Le temps est magnifique aujourd'hui et je me sens heureux.,French
La technologie stimule le progrès et l'innovation dans notre société.,French
La programmation est à la fois difficile et gratifiante.,French
La musique et l'art inspirent la créativité et la passion.,French
Voyager ouvre de nouveaux horizons et expériences.,French
Une alimentation saine et l'exercice conduisent à une vie meilleure.,French
J'adore passer du temps avec mes amis et ma famille.,French
L'éducation est la clé du succès dans la vie.,French
Chaque jour est une nouvelle opportunité de réaliser de grandes choses.,French
J'aime lire des livres et apprendre de nouvelles choses.,French
Le temps est magnifique aujourd'hui et je me sens heureux.,French
La technologie stimule le progrès et l'innovation dans notre société.,French
La programmation est à la fois difficile et gratifiante.,French
La musique et l'art inspirent la créativité et la passion.,French
Voyager ouvre de nouveaux horizons et expériences.,French
Une alimentation saine et l'exercice conduisent à une vie meilleure.,French
J'adore passer du temps avec mes amis et ma famille.,French
L'éducation est la clé du succès dans la vie.,French
Chaque jour est une nouvelle opportunité de réaliser de grandes choses.,French
J'aime lire des livres et apprendre de nouvelles choses.,French
Le temps est magnifique aujourd'hui et je me sens heureux.,French
La technologie stimule le progrès et l'innovation dans notre société.,French
La programmation est à la fois difficile et gratifiante.,French
La musique et l'art inspirent la créativité et la passion.,French
Voyager ouvre de nouveaux horizons et expériences.,French
Une alimentation saine et l'exercice conduisent à une vie meilleure.,French
J'adore passer du temps avec mes amis et ma famille.,French
L'éducation est la clé du succès dans la vie.,French
Chaque jour est une nouvelle opportunité de réaliser de grandes choses.,French
J'aime lire des livres et apprendre de nouvelles choses.,French
Le temps est magnifique aujourd'hui et je me sens heureux.,French
La technologie stimule le progrès et l'innovation dans notre société.,French
La programmation est à la fois difficile et gratifiante.,French
La musique et l'art inspirent la créativité et la passion.,French
Voyager ouvre de nouveaux horizons et expériences.,French
Une alimentation saine et l'exercice conduisent à une vie meilleure.,French
J'adore passer du temps avec mes amis et ma famille.,French
L'éducation est la clé du succès dans la vie.,French
Chaque jour est une nouvelle opportunité de réaliser de grandes choses.,French
J'aime lire des livres et apprendre de nouvelles choses.,French
Le temps est magnifique aujourd'hui et je me sens heureux.,French
La technologie stimule le progrès et l'innovation dans notre société.,French
La programmation est à la fois difficile et gratifiante.,French
La musique et l'art inspirent la créativité et la passion.,French
Voyager ouvre de nouveaux horizons et expériences.,French
Une alimentation saine et l'exercice conduisent à une vie meilleure.,French
J'adore passer du temps avec mes amis et ma famille.,French
L'éducation est la clé du succès dans la vie.,French
Chaque jour est une nouvelle opportunité de réaliser de grandes choses.,French
Me encanta leer libros y aprender cosas nuevas.,Spanish
El clima es hermoso hoy y me siento feliz.,Spanish
La tecnología impulsa el progreso y la innovación en nuestra sociedad.,Spanish
La programación es desafiante y gratificante.,Spanish
La música y el arte inspiran creatividad y pasión.,Spanish
Viajar abre nuevos horizontes y experiencias.,Spanish
Una alimentación saludable y ejercicio conducen a una vida mejor.,Spanish
Disfruto pasar tiempo con amigos y familia.,Spanish
La educación es la clave del éxito en la vida.,Spanish
Cada día es una nueva oportunidad para alcanzar la grandeza.,Spanish
Me encanta leer libros y aprender cosas nuevas.,Spanish
El clima es hermoso hoy y me siento feliz.,Spanish
La tecnología impulsa el progreso y la innovación en nuestra sociedad.,Spanish
La programación es desafiante y gratificante.,Spanish
La música y el arte inspiran creatividad y pasión.,Spanish
Viajar abre nuevos horizontes y experiencias.,Spanish
Una alimentación saludable y ejercicio conducen a una vida mejor.,Spanish
Disfruto pasar tiempo con amigos y familia.,Spanish
La educación es la clave del éxito en la vida.,Spanish
Cada día es una nueva oportunidad para alcanzar la grandeza.,Spanish
Me encanta leer libros y aprender cosas nuevas.,Spanish
El clima es hermoso hoy y me siento feliz.,Spanish
La tecnología impulsa el progreso y la innovación en nuestra sociedad.,Spanish
La programación es desafiante y gratificante.,Spanish
La música y el arte inspiran creatividad y pasión.,Spanish
Viajar abre nuevos horizontes y experiencias.,Spanish
Una alimentación saludable y ejercicio conducen a una vida mejor.,Spanish
Disfruto pasar tiempo con amigos y familia.,Spanish
La educación es la clave del éxito en la vida.,Spanish
Cada día es una nueva oportunidad para alcanzar la grandeza.,Spanish
Me encanta leer libros y aprender cosas nuevas.,Spanish
El clima es hermoso hoy y me siento feliz.,Spanish
La tecnología impulsa el progreso y la innovación en nuestra sociedad.,Spanish
La programación es desafiante y gratificante.,Spanish
La música y el arte inspiran creatividad y pasión.,Spanish
Viajar abre nuevos horizontes y experiencias.,Spanish
Una alimentación saludable y ejercicio conducen a una vida mejor.,Spanish
Disfruto pasar tiempo con amigos y familia.,Spanish
La educación es la clave del éxito en la vida.,Spanish
Cada día es una nueva oportunidad para alcanzar la grandeza.,Spanish
Me encanta leer libros y aprender cosas nuevas.,Spanish
El clima es hermoso hoy y me siento feliz.,Spanish
La tecnología impulsa el progreso y la innovación en nuestra sociedad.,Spanish
La programación es desafiante y gratificante.,Spanish
La música y el arte inspiran creatividad y pasión.,Spanish
Viajar abre nuevos horizontes y experiencias.,Spanish
Una alimentación saludable y ejercicio conducen a una vida mejor.,Spanish
Disfruto pasar tiempo con amigos y familia.,Spanish
La educación es la clave del éxito en la vida.,Spanish
Cada día es una nueva oportunidad para alcanzar la grandeza.,Spanish
text,label
I enjoy reading books and learning new things.,English
The weather is beautiful today and I feel happy.,English
Technology drives progress and innovation in our society.,English
Programming is both challenging and rewarding.,English
Music and art inspire creativity and passion.,English
Traveling opens up new horizons and experiences.,English
Healthy food and exercise lead to a better life.,English
I love spending time with friends and family.,English
Education is the key to success in life.,English
Every day is a new opportunity to achieve greatness.,English
I enjoy reading books and learning new things.,English
The weather is beautiful today and I feel happy.,English
Technology drives progress and innovation in our society.,English
Programming is both challenging and rewarding.,English
Music and art inspire creativity and passion.,English
Traveling opens up new horizons and experiences.,English
Healthy food and exercise lead to a better life.,English
I love spending time with friends and family.,English
Education is the key to success in life.,English
Every day is a new opportunity to achieve greatness.,English
I enjoy reading books and learning new things.,English
The weather is beautiful today and I feel happy.,English
Technology drives progress and innovation in our society.,English
Programming is both challenging and rewarding.,English
Music and art inspire creativity and passion.,English
Traveling opens up new horizons and experiences.,English
Healthy food and exercise lead to a better life.,English
I love spending time with friends and family.,English
Education is the key to success in life.,English
Every day is a new opportunity to achieve greatness.,English
I enjoy reading books and learning new things.,English
The weather is beautiful today and I feel happy.,English
Technology drives progress and innovation in our society.,English
Programming is both challenging and rewarding.,English
Music and art inspire creativity and passion.,English
Traveling opens up new horizons and experiences.,English
Healthy food and exercise lead to a better life.,English
I love spending time with friends and family.,English
Education is the key to success in life.,English
Every day is a new opportunity to achieve greatness.,English
I enjoy reading books and learning new things.,English
The weather is beautiful today and I feel happy.,English
Technology drives progress and innovation in our society.,English
Programming is both challenging and rewarding.,English
Music and art inspire creativity and passion.,English
Traveling opens up new horizons and experiences.,English
Healthy food and exercise lead to a better life.,English
I love spending time with friends and family.,English
Education is the key to success in life.,English
Every day is a new opportunity to achieve greatness.,English
I enjoy reading books and learning new things.,English
The weather is beautiful today and I feel happy.,English
Technology drives progress and innovation in our society.,English
Programming is both challenging and rewarding.,English
Music and art inspire creativity and passion.,English
Traveling opens up new horizons and experiences.,English
Healthy food and exercise lead to a better life.,English
I love spending time with friends and family.,English
Education is the key to success in life.,English
Every day is a new opportunity to achieve greatness.,English
I enjoy reading books and learning new things.,English
The weather is beautiful today and I feel happy.,English
Technology drives progress and innovation in our society.,English
Programming is both challenging and rewarding.,English
Music and art inspire creativity and passion.,English
Traveling opens up new horizons and experiences.,English
Healthy food and exercise lead to a better life.,English
I love spending time with friends and family.,English
Education is the key to success in life.,English
Every day is a new opportunity to achieve greatness.,English
I enjoy reading books and learning new things.,English
The weather is beautiful today and I feel happy.,English
Technology drives progress and innovation in our society.,English
Programming is both challenging and rewarding.,English
Music and art inspire creativity and passion.,English
Traveling opens up new horizons and experiences.,English
Healthy food and exercise lead to a better life.,English
I love spending time with friends and family.,English
Education is the key to success in life.,English
Every day is a new opportunity to achieve greatness.,English
I enjoy reading books and learning new things.,English
The weather is beautiful today and I feel happy.,English
Technology drives progress and innovation in our society.,English
Programming is both challenging and rewarding.,English
Music and art inspire creativity and passion.,English
Traveling opens up new horizons and experiences.,English
Healthy food and exercise lead to a better life.,English
I love spending time with friends and family.,English
Education is the key to success in life.,English
Every day is a new opportunity to achieve greatness.,English
I enjoy reading books and learning new things.,English
The weather is beautiful today and I feel happy.,English
Technology drives progress and innovation in our society.,English
Programming is both challenging and rewarding.,English
Music and art inspire creativity and passion.,English
Traveling opens up new horizons and experiences.,English
Healthy food and exercise lead to a better life.,English
I love spending time with friends and family.,English
Education is the key to success in life.,English
Every day is a new opportunity to achieve greatness.,English
J'aime lire des livres et apprendre de nouvelles choses.,French
Le temps est magnifique aujourd'hui et je me sens heureux.,French
La technologie stimule le progrès et l'innovation dans notre société.,French
La programmation est à la fois difficile et gratifiante.,French
La musique et l'art inspirent la créativité et la passion.,French
Voyager ouvre de nouveaux horizons et expériences.,French
Une alimentation saine et l'exercice conduisent à une vie meilleure.,French
J'adore passer du temps avec mes amis et ma famille.,French
L'éducation est la clé du succès dans la vie.,French
Chaque jour est une nouvelle opportunité de réaliser de grandes choses.,French
J'aime lire des livres et apprendre de nouvelles choses.,French
Le temps est magnifique aujourd'hui et je me sens heureux.,French
La technologie stimule le progrès et l'innovation dans notre société.,French
La programmation est à la fois difficile et gratifiante.,French
La musique et l'art inspirent la créativité et la passion.,French
Voyager ouvre de nouveaux horizons et expériences.,French
Une alimentation saine et l'exercice conduisent à une vie meilleure.,French
J'adore passer du temps avec mes amis et ma famille.,French
L'éducation est la clé du succès dans la vie.,French
Chaque jour est une nouvelle opportunité de réaliser de grandes choses.,French
J'aime lire des livres et apprendre de nouvelles choses.,French
Le temps est magnifique aujourd'hui et je me sens heureux.,French
La technologie stimule le progrès et l'innovation dans notre société.,French
La programmation est à la fois difficile et gratifiante.,French
La musique et l'art inspirent la créativité et la passion.,French
Voyager ouvre de nouveaux horizons et expériences.,French
Une alimentation saine et l'exercice conduisent à une vie meilleure.,French
J'adore passer du temps avec mes amis et ma famille.,French
L'éducation est la clé du succès dans la vie.,French
Chaque jour est une nouvelle opportunité de réaliser de grandes choses.,French
J'aime lire des livres et apprendre de nouvelles choses.,French
Le temps est magnifique aujourd'hui et je me sens heureux.,French
La technologie stimule le progrès et l'innovation dans notre société.,French
La programmation est à la fois difficile et gratifiante.,French
La musique et l'art inspirent la créativité et la passion.,French
Voyager ouvre de nouveaux horizons et expériences.,French
Une alimentation saine et l'exercice conduisent à une vie meilleure.,French
J'adore passer du temps avec mes amis et ma famille.,French
L'éducation est la clé du succès dans la vie.,French
Chaque jour est une nouvelle opportunité de réaliser de grandes choses.,French
J'aime lire des livres et apprendre de nouvelles choses.,French
Le temps est magnifique aujourd'hui et je me sens heureux.,French
La technologie stimule le progrès et l'innovation dans notre société.,French
La programmation est à la fois difficile et gratifiante.,French
La musique et l'art inspirent la créativité et la passion.,French
Voyager ouvre de nouveaux horizons et expériences.,French
Une alimentation saine et l'exercice conduisent à une vie meilleure.,French
J'adore passer du temps avec mes amis et ma famille.,French
L'éducation est la clé du succès dans la vie.,French